student_id,study_hours_per_day,extracurricular_hours_per_day,sleep_hours_per_day,social_hours_per_day,physical_activity_hours_per_day,gpa,stress_level,stress_encoded
3,5.1,3.9,9.2,1.2,4.6,2.67,low,1
4,6.5,2.1,7.2,1.7,6.5,2.88,moderate,2
5,8.1,0.6,6.5,2.2,6.6,3.51,high,0
6,6.0,2.1,8.0,0.3,7.6,2.85,moderate,2
7,8.0,0.7,5.3,5.7,4.3,3.08,high,0
8,8.4,1.8,5.6,3.0,5.2,3.2,high,0
9,5.2,3.6,6.3,4.0,4.9,2.82,low,1
10,7.7,0.7,9.8,4.5,1.3,2.76,moderate,2
11,9.7,3.6,8.0,2.5,0.2,3.43,high,0
12,6.9,1.1,9.1,2.1,4.8,2.97,moderate,2
13,6.4,2.2,5.7,4.8,4.9,2.82,high,0
14,5.0,3.3,8.5,4.4,2.8,2.87,low,1
15,8.9,0.3,6.8,0.7,7.3,3.4,high,0
16,6.7,0.3,6.6,2.0,8.4,3.2,moderate,2
17,8.6,2.6,9.4,1.6,1.8,3.36,high,0
20,6.6,2.0,9.5,1.5,4.4,2.93,moderate,2
21,7.1,3.0,6.1,0.5,7.3,2.9,moderate,2
22,9.6,3.2,8.2,2.6,0.4,3.34,high,0
23,9.0,0.7,9.5,2.6,2.2,3.21,high,0
24,6.1,1.7,9.1,5.2,1.9,2.85,moderate,2
25,5.0,2.0,7.1,1.3,8.6,2.68,low,1
26,9.7,1.3,7.6,3.8,1.6,3.29,high,0
27,6.8,3.9,9.8,0.9,2.6,2.64,moderate,2
28,6.4,0.1,8.0,3.0,6.5,2.95,moderate,2
29,5.3,1.1,9.5,1.4,6.7,2.79,low,1
30,9.9,1.0,8.4,3.6,1.1,3.25,high,0
31,6.2,2.9,6.8,3.8,4.3,3.05,moderate,2
32,5.5,3.3,6.6,1.1,7.5,3.26,low,1
33,5.2,2.4,8.4,0.1,7.9,2.47,low,1
34,8.2,0.7,8.5,2.3,4.3,3.24,high,0
35,9.7,0.6,6.7,0.7,6.3,3.62,high,0
36,9.1,2.2,7.6,1.2,3.9,3.12,high,0
38,8.6,3.6,9.4,1.9,0.5,3.03,high,0
39,8.2,0.3,5.8,5.4,4.3,3.29,high,0
40,5.0,0.6,7.7,4.2,6.5,2.61,low,1
41,8.3,0.9,8.6,1.4,4.8,3.48,high,0
42,8.2,3.4,8.3,2.3,1.8,3.07,high,0
43,5.5,1.5,6.3,1.5,9.2,2.81,low,1
44,9.5,2.5,9.0,1.5,1.5,3.49,high,0
45,7.9,2.0,6.0,4.3,3.8,2.97,moderate,2
47,5.1,3.7,7.1,5.8,2.3,2.6,low,1
48,9.3,1.3,5.8,3.3,4.3,3.09,high,0
49,9.7,2.8,7.9,0.3,3.3,3.47,high,0
50,9.4,3.0,8.5,2.2,0.9,3.18,high,0
51,6.8,1.2,9.0,4.9,2.1,3.12,moderate,2
52,9.0,2.6,8.5,3.1,0.8,4.0,high,0
53,9.5,1.4,6.9,0.6,5.6,3.33,high,0
54,7.3,2.2,6.4,3.5,4.6,3.11,moderate,2
55,5.2,0.1,9.1,2.2,7.4,2.79,low,1
56,8.8,0.9,8.1,0.5,5.7,3.1,high,0
57,5.3,2.1,7.7,3.8,5.1,2.39,low,1
58,9.0,1.1,7.2,0.5,6.2,3.39,high,0
60,5.8,1.0,7.7,4.3,5.2,2.8,low,1
61,8.3,1.1,9.8,3.5,1.3,3.67,high,0
63,5.1,0.5,5.2,0.2,13.0,2.85,high,0
64,7.4,0.4,7.5,2.8,5.9,3.26,moderate,2
65,5.9,1.7,7.0,3.7,5.7,2.8,low,1
66,6.9,2.5,7.5,5.1,2.0,3.06,moderate,2
67,8.3,0.7,5.4,3.9,5.7,3.26,high,0
68,9.7,2.3,6.9,3.3,1.8,3.38,high,0
70,5.4,1.3,9.2,0.1,8.0,2.69,low,1
71,9.1,1.1,5.6,4.2,4.0,3.54,high,0
72,8.7,3.2,6.4,1.0,4.7,3.37,high,0
73,8.8,3.2,10.0,0.8,1.2,3.58,high,0
74,6.7,3.7,9.3,1.8,2.5,2.89,moderate,2
75,8.8,3.0,5.5,5.4,1.3,3.58,high,0
76,6.6,3.6,6.9,0.1,6.8,2.99,moderate,2
77,9.5,0.4,6.6,5.7,1.8,3.44,high,0
78,8.2,1.8,6.5,2.0,5.5,3.35,high,0
79,8.4,3.0,9.0,2.8,0.8,3.26,high,0
80,5.3,2.2,7.2,5.3,4.0,2.62,low,1
81,6.8,0.5,5.7,4.6,6.4,2.86,high,0
83,8.5,0.3,5.4,5.9,3.9,2.99,high,0
84,9.1,3.8,9.9,0.9,0.3,3.08,high,0
85,6.9,0.3,8.9,3.4,4.5,3.21,moderate,2
86,5.6,2.0,5.1,2.8,8.5,2.81,high,0
87,5.3,0.5,5.6,3.9,8.7,2.9,high,0
88,9.8,1.5,6.4,5.2,1.1,3.78,high,0
89,6.1,3.9,5.1,5.8,3.1,2.96,high,0
90,5.4,2.2,9.8,3.1,3.5,2.81,low,1
92,5.2,1.1,9.8,5.3,2.6,2.82,low,1
93,7.3,2.5,6.4,1.1,6.7,2.67,moderate,2
95,8.5,2.1,6.5,4.9,2.0,3.1,high,0
96,9.6,3.3,9.7,1.0,0.4,3.54,high,0
97,8.1,1.7,9.7,3.9,0.6,3.45,high,0
98,9.9,0.6,8.0,2.1,3.4,3.39,high,0
99,9.8,3.4,9.2,0.7,0.9,3.15,high,0
100,5.3,3.5,9.1,6.0,0.1,2.68,low,1
101,10.0,2.2,8.8,2.8,0.2,3.41,high,0
102,7.3,0.5,9.8,3.6,2.8,3.22,moderate,2
103,6.1,2.7,8.1,2.1,5.0,2.98,moderate,2
104,7.6,3.1,7.6,4.9,0.8,2.99,moderate,2
105,7.8,2.2,9.4,1.9,2.7,3.3,moderate,2
106,8.5,0.9,5.7,0.1,8.8,3.55,high,0
107,6.8,2.4,7.0,2.6,5.2,2.97,moderate,2
108,7.6,3.1,7.0,3.7,2.6,3.28,moderate,2
109,9.3,3.8,5.7,4.8,0.4,3.05,high,0
110,7.3,3.9,7.5,1.7,3.6,3.08,moderate,2
111,8.2,1.0,5.4,0.8,8.6,3.3,high,0
112,5.9,1.4,9.5,2.8,4.4,2.7,low,1
114,5.9,0.4,5.6,2.8,9.3,2.73,high,0
115,6.0,1.5,7.5,4.1,4.9,2.76,moderate,2
116,9.4,3.7,5.3,1.6,4.0,3.45,high,0
117,9.0,3.0,5.9,1.3,4.8,3.29,high,0
118,8.1,1.5,7.3,4.5,2.6,2.75,high,0
119,5.2,1.0,8.6,5.4,3.8,3.4,low,1
120,5.5,1.8,7.7,1.5,7.5,3.05,low,1
121,6.3,1.5,5.1,1.9,9.2,2.82,high,0
122,5.6,3.6,8.0,4.1,2.7,2.62,low,1
123,8.9,2.0,5.4,3.2,4.5,3.64,high,0
124,7.2,0.5,6.4,2.2,7.7,3.19,moderate,2
125,8.2,2.3,6.8,5.9,0.8,2.95,high,0
126,5.5,0.6,6.2,1.0,10.7,2.94,low,1
128,7.1,3.9,5.6,2.4,5.0,2.9,high,0
129,9.8,3.5,9.1,0.4,1.2,3.57,high,0
130,9.6,2.2,7.9,1.2,3.1,3.24,high,0
132,5.6,2.4,6.4,3.5,6.1,2.85,low,1
133,5.8,1.9,7.7,0.3,8.3,2.7,low,1
134,5.3,4.0,6.6,4.9,3.2,2.72,low,1
135,6.3,2.7,8.8,3.6,2.6,2.45,moderate,2
136,6.7,3.7,9.2,4.2,0.2,2.85,moderate,2
137,5.6,2.9,9.7,1.1,4.7,2.86,low,1
138,7.9,3.4,5.7,4.8,2.2,3.15,high,0
139,6.0,0.7,5.8,4.9,6.6,2.96,high,0
141,7.2,1.5,7.3,1.8,6.2,3.08,moderate,2
142,6.2,3.6,6.9,3.3,4.0,3.27,moderate,2
143,9.5,2.5,5.6,5.6,0.8,3.13,high,0
144,5.7,3.2,8.1,3.2,3.8,3.08,low,1
145,9.5,3.2,5.8,1.7,3.8,3.59,high,0
146,5.2,2.3,8.8,5.3,2.4,2.61,low,1
147,6.7,3.3,5.6,5.1,3.3,2.95,high,0
148,9.0,0.6,6.1,4.3,4.0,3.15,high,0
149,8.6,2.6,8.5,2.3,2.0,3.14,high,0
150,5.9,3.6,7.9,2.4,4.2,2.64,low,1
151,7.3,3.8,5.8,3.5,3.6,3.58,high,0
152,5.1,3.5,9.7,3.2,2.5,2.79,low,1
153,8.5,3.7,8.5,0.5,2.8,3.65,high,0
154,7.1,2.9,9.7,4.0,0.3,3.33,moderate,2
155,7.3,0.5,9.9,5.0,1.3,3.11,moderate,2
156,8.0,1.6,5.3,2.0,7.1,3.42,high,0
157,9.0,0.0,6.7,2.4,5.9,3.51,high,0
158,6.7,1.4,8.7,2.7,4.5,3.02,moderate,2
159,6.1,1.8,5.7,1.1,9.3,2.38,high,0
160,9.6,1.4,7.9,3.2,1.9,3.43,high,0
161,5.1,2.7,5.9,5.8,4.5,2.71,high,0
162,5.4,4.0,7.5,3.6,3.5,2.59,low,1
163,5.3,3.0,6.0,5.4,4.3,2.68,low,1
164,5.2,1.9,7.8,0.4,8.7,2.67,low,1
165,8.9,1.8,7.6,2.5,3.2,3.58,high,0
166,5.8,0.7,9.3,5.7,2.5,2.46,low,1
167,6.9,1.1,8.2,2.5,5.3,3.22,moderate,2
168,5.1,0.9,6.2,4.0,7.8,3.02,low,1
169,5.1,0.4,9.0,1.1,8.4,2.52,low,1
170,5.5,1.0,8.6,5.1,3.8,2.97,low,1
171,9.2,1.6,8.3,1.0,3.9,3.5,high,0
172,5.1,0.3,6.0,0.2,12.4,2.7,low,1
173,5.9,2.3,7.1,5.4,3.3,2.78,low,1
174,6.3,1.5,8.0,1.6,6.6,3.15,moderate,2
175,8.1,1.6,7.8,2.6,3.9,3.26,high,0
176,8.8,0.6,9.3,2.6,2.7,3.3,high,0
177,9.5,3.2,7.1,0.1,4.1,3.49,high,0
178,8.2,1.0,5.7,5.0,4.1,2.89,high,0
179,9.9,2.1,5.9,1.6,4.5,3.52,high,0
180,6.4,2.2,8.3,5.0,2.1,2.76,moderate,2
181,6.0,0.0,5.7,5.4,6.9,2.95,high,0
182,8.0,2.7,5.9,5.5,1.9,3.4,high,0
183,7.1,1.5,7.6,0.3,7.5,3.17,moderate,2
184,5.4,2.4,6.2,2.3,7.7,2.66,low,1
185,6.4,1.4,8.6,1.8,5.8,2.77,moderate,2
186,8.3,3.7,8.7,0.7,2.6,3.77,high,0
187,5.2,1.0,8.0,0.3,9.5,3.29,low,1
188,6.7,3.1,5.5,0.5,8.2,2.99,high,0
189,8.6,2.0,8.4,2.2,2.8,3.43,high,0
190,9.0,2.8,6.4,3.4,2.4,3.24,high,0
191,6.8,0.4,9.6,0.8,6.4,3.01,moderate,2
192,5.9,2.2,9.4,4.4,2.1,3.01,low,1
193,9.0,2.6,8.5,3.3,0.6,3.34,high,0
194,6.1,4.0,9.7,0.2,4.0,2.58,moderate,2
195,8.5,3.7,5.9,3.4,2.5,3.06,high,0
196,9.6,3.9,9.7,0.4,0.4,3.65,high,0
197,9.3,3.4,6.6,3.9,0.8,3.41,high,0
198,6.2,0.5,5.4,4.2,7.7,2.84,high,0
199,6.7,2.9,5.3,1.9,7.2,3.29,high,0
200,6.6,2.5,9.4,3.4,2.1,3.03,moderate,2
202,9.7,3.2,10.0,0.4,0.7,3.67,high,0
203,8.8,1.6,7.4,3.8,2.4,3.23,high,0
204,7.1,3.0,6.2,0.7,7.0,3.36,moderate,2
205,6.8,1.1,6.5,1.4,8.2,3.01,moderate,2
206,6.9,2.7,6.1,5.7,2.6,3.08,moderate,2
208,8.1,0.7,10.0,1.2,4.0,3.35,high,0
209,9.7,2.6,8.0,1.9,1.8,3.33,high,0
210,6.1,0.7,8.9,2.1,6.2,2.81,moderate,2
211,5.3,3.9,9.4,5.0,0.4,3.08,low,1
212,8.5,0.6,9.1,1.3,4.5,3.16,high,0
213,6.1,2.1,8.0,3.5,4.3,2.79,moderate,2
214,9.4,3.8,9.3,1.2,0.3,3.33,high,0
215,8.3,2.2,5.4,2.5,5.6,2.97,high,0
216,8.6,2.0,5.4,1.3,6.7,3.14,high,0
217,8.4,0.3,9.3,3.0,3.0,3.77,high,0
218,9.1,1.4,8.4,2.9,2.2,3.26,high,0
219,6.3,3.5,9.0,3.4,1.8,3.11,moderate,2
220,8.5,2.7,8.1,3.5,1.2,3.38,high,0
221,5.8,3.5,9.4,0.2,5.1,2.84,low,1
223,9.2,2.0,5.0,1.7,6.1,3.42,high,0
224,8.2,1.0,8.2,3.2,3.4,3.24,high,0
225,8.9,0.4,8.8,3.2,2.7,3.32,high,0
226,8.2,3.7,5.5,5.6,1.0,3.29,high,0
227,8.4,0.3,6.5,4.2,4.6,3.29,high,0
228,6.7,2.5,5.2,5.2,4.4,2.86,high,0
229,9.9,3.9,8.7,0.2,1.3,3.8,high,0
230,8.4,1.8,6.4,6.0,1.4,3.25,high,0
231,7.1,1.8,5.8,4.8,4.5,2.86,high,0
232,5.4,2.7,8.3,1.6,6.0,2.95,low,1
233,9.8,0.6,7.2,5.7,0.7,3.84,high,0
234,7.0,1.1,9.9,2.5,3.5,2.84,moderate,2
235,9.5,0.9,6.1,0.2,7.3,3.17,high,0
236,9.3,1.9,9.8,0.6,2.4,3.68,high,0
237,9.3,3.1,8.9,2.3,0.4,3.52,high,0
239,9.0,1.9,5.6,0.8,6.7,3.21,high,0
240,6.0,2.0,5.3,3.5,7.2,3.26,high,0
241,6.3,3.2,6.6,2.7,5.2,2.85,moderate,2
242,8.0,1.2,8.5,5.2,1.1,2.72,moderate,2
243,8.9,0.2,7.4,0.6,6.9,3.33,high,0
244,8.1,2.8,7.8,0.1,5.2,2.98,high,0
245,6.6,2.1,5.4,2.1,7.8,2.79,high,0
246,7.8,2.8,9.0,0.9,3.5,3.11,moderate,2
247,5.8,0.4,8.2,4.2,5.4,2.88,low,1
248,8.5,3.5,8.6,2.7,0.7,3.15,high,0
249,6.7,3.3,5.4,5.4,3.2,3.27,high,0
250,7.3,2.6,7.6,4.4,2.1,3.13,moderate,2
251,5.4,0.2,6.2,1.0,11.2,2.75,low,1
252,9.9,1.3,5.9,4.7,2.2,3.57,high,0
253,8.3,2.0,7.8,4.2,1.7,3.25,high,0
254,6.0,2.7,5.4,0.2,9.7,2.92,high,0
255,6.3,1.9,9.3,4.4,2.1,2.85,moderate,2
256,6.7,1.5,9.9,0.2,5.7,3.32,moderate,2
257,9.3,2.3,7.2,3.8,1.4,3.61,high,0
258,9.5,1.7,6.4,3.6,2.8,3.42,high,0
259,9.6,0.8,8.1,3.5,2.0,3.31,high,0
260,8.6,3.6,5.9,1.4,4.5,3.37,high,0
261,9.9,0.7,9.3,2.0,2.1,3.59,high,0
262,7.2,2.1,6.8,3.6,4.3,3.01,moderate,2
263,5.8,1.6,9.8,1.5,5.3,2.61,low,1
264,8.9,0.5,9.8,2.2,2.6,3.57,high,0
265,6.2,0.3,5.8,3.1,8.6,3.13,high,0
266,7.2,1.0,8.1,4.2,3.5,2.98,moderate,2
267,5.8,0.7,5.2,4.4,7.9,2.81,high,0
269,6.0,0.4,6.3,0.3,11.0,3.05,moderate,2
270,5.2,0.5,7.3,5.6,5.4,2.79,low,1
271,6.6,2.0,5.2,0.9,9.3,3.17,high,0
272,7.3,2.1,7.4,4.0,3.2,3.16,moderate,2
273,5.7,0.1,6.5,4.2,7.5,2.98,low,1
275,9.3,0.7,8.5,4.6,0.9,3.43,high,0
276,7.5,2.5,9.3,2.7,2.0,3.2,moderate,2
278,7.0,2.6,5.5,3.9,5.0,2.82,high,0
279,10.0,0.2,9.9,1.6,2.3,3.56,high,0
280,7.8,3.0,9.4,1.5,2.3,3.25,moderate,2
281,6.6,2.7,9.0,4.3,1.4,2.93,moderate,2
282,9.1,0.5,7.7,0.0,6.7,3.64,high,0
283,6.6,1.5,7.0,4.2,4.7,2.79,moderate,2
284,6.2,1.5,6.1,0.4,9.8,2.5,moderate,2
285,8.0,2.7,8.1,2.4,2.8,3.4,moderate,2
286,7.6,1.9,5.1,2.0,7.4,3.08,high,0
287,6.9,1.6,7.9,3.2,4.4,3.31,moderate,2
288,9.1,2.9,9.8,0.0,2.2,3.48,high,0
289,6.0,0.0,8.2,5.4,4.4,2.92,moderate,2
290,5.3,3.7,6.8,0.6,7.6,2.78,low,1
291,7.4,1.0,6.4,1.8,7.4,3.15,moderate,2
292,6.6,2.4,8.6,1.6,4.8,3.27,moderate,2
293,7.1,0.5,5.9,4.1,6.4,3.09,high,0
294,8.5,0.4,7.8,1.5,5.8,3.01,high,0
295,9.8,1.9,9.0,1.8,1.5,3.5,high,0
296,9.8,2.4,9.1,2.4,0.3,3.38,high,0
298,8.9,1.1,9.1,2.1,2.8,3.2,high,0
299,8.3,0.4,8.1,2.7,4.5,3.01,high,0
300,8.7,3.5,6.1,0.5,5.2,3.37,high,0
301,5.1,2.6,8.0,3.3,5.0,2.65,low,1
302,8.0,2.0,9.9,0.6,3.5,2.93,moderate,2
303,8.5,1.6,7.1,4.3,2.5,3.39,high,0
304,6.4,0.3,5.4,5.4,6.5,3.29,high,0
305,6.0,1.3,6.1,2.1,8.5,2.91,moderate,2
306,5.3,3.2,6.2,3.2,6.1,2.64,low,1
307,9.4,2.6,7.7,1.4,2.9,3.66,high,0
308,10.0,2.6,7.8,2.6,1.0,3.26,high,0
309,7.3,0.2,7.8,5.7,3.0,3.2,moderate,2
310,6.0,2.1,5.5,2.7,7.7,2.72,high,0
311,8.8,1.4,8.3,4.4,1.1,3.1,high,0
312,10.0,3.7,7.7,2.2,0.4,3.44,high,0
313,7.6,2.5,5.4,4.5,4.0,3.17,high,0
314,8.9,2.8,5.2,1.8,5.3,3.3,high,0
315,6.3,1.4,5.4,5.6,5.3,2.58,high,0
316,7.0,1.8,8.0,3.1,4.1,3.15,moderate,2
317,9.6,2.0,10.0,2.0,0.4,3.46,high,0
318,6.9,3.5,9.3,3.5,0.8,3.02,moderate,2
319,9.0,1.2,5.4,2.4,6.0,3.46,high,0
322,5.9,2.0,7.0,0.9,8.2,3.0,low,1
323,6.8,0.3,5.1,0.8,11.0,3.03,high,0
324,9.8,1.7,6.6,3.0,2.9,3.58,high,0
325,7.2,0.4,8.2,1.3,6.9,3.39,moderate,2
326,5.8,0.2,8.9,2.8,6.3,3.11,low,1
328,8.5,0.2,7.5,6.0,1.8,3.21,high,0
329,9.1,2.5,6.5,3.7,2.2,2.85,high,0
330,5.7,3.5,7.2,1.2,6.4,3.04,low,1
331,6.8,1.7,9.1,4.4,2.0,2.9,moderate,2
332,5.1,1.0,8.8,0.8,8.3,2.25,low,1
333,7.7,0.9,5.1,1.4,8.9,3.15,high,0
334,5.5,2.2,7.3,5.1,3.9,2.94,low,1
336,6.9,1.6,7.3,4.7,3.5,3.38,moderate,2
337,9.5,3.8,8.9,0.6,1.2,3.3,high,0
338,6.3,3.4,5.2,5.4,3.7,3.31,high,0
340,5.3,2.1,5.8,4.4,6.4,3.11,high,0
341,7.6,2.7,5.2,0.5,8.0,3.07,high,0
342,5.4,0.0,9.8,4.4,4.4,2.85,low,1
343,6.8,1.2,6.7,4.6,4.7,2.81,moderate,2
344,5.9,0.4,8.3,4.6,4.8,2.99,low,1
345,6.3,0.1,5.4,5.8,6.4,3.14,high,0
347,8.1,3.1,8.2,2.4,2.2,3.09,high,0
348,9.9,2.4,7.9,2.8,1.0,3.67,high,0
349,9.1,2.6,5.6,2.0,4.7,3.16,high,0
350,7.2,2.5,9.7,1.1,3.5,2.69,moderate,2
351,5.6,0.8,9.4,3.9,4.3,3.01,low,1
352,9.3,3.4,9.6,0.4,1.3,3.28,high,0
353,8.8,1.8,9.2,3.1,1.1,3.45,high,0
354,5.9,2.2,9.9,5.6,0.4,3.12,low,1
355,5.2,0.7,5.7,4.4,8.0,2.67,high,0
356,7.5,3.4,8.7,2.4,2.0,3.24,low,1
357,8.0,2.0,6.5,3.4,4.1,3.35,low,1
358,8.2,3.0,5.8,2.8,4.2,3.31,high,0
359,5.0,1.0,8.6,6.0,3.4,2.71,low,1
360,9.0,0.8,7.8,4.4,2.0,3.18,high,0
361,8.1,0.8,6.8,4.7,3.6,3.19,high,0
362,8.8,0.1,8.7,1.2,5.2,3.32,high,0
364,10.0,1.5,7.2,3.8,1.5,3.43,high,0
365,9.4,2.4,7.0,2.1,3.1,3.1,high,0
366,9.0,0.4,7.9,2.9,3.8,3.6,high,0
367,8.2,0.3,7.9,3.4,4.2,3.64,high,0
368,8.4,3.2,6.3,5.0,1.1,3.5,high,0
369,7.5,0.3,5.3,2.0,8.9,3.26,high,0
370,8.9,2.1,7.2,0.9,4.9,3.53,high,0
371,6.6,1.7,5.4,1.3,9.0,3.29,high,0
372,10.0,3.7,8.2,0.9,1.2,3.63,high,0
373,8.2,3.1,5.6,2.5,4.6,3.16,high,0
374,7.9,2.4,5.9,2.2,5.6,3.4,high,0
375,6.7,0.1,5.1,5.0,7.1,3.03,high,0
376,6.5,3.8,6.3,2.6,4.8,2.62,moderate,2
377,9.4,3.4,5.9,4.3,1.0,3.18,high,0
378,5.7,0.3,8.6,3.0,6.4,2.28,low,1
379,7.2,2.9,8.8,0.8,4.3,2.88,moderate,2
380,8.8,2.6,9.8,0.2,2.6,3.38,high,0
381,5.3,1.1,6.3,1.5,9.8,2.75,low,1
382,6.4,3.0,7.2,4.7,2.7,3.03,moderate,2
383,5.3,2.0,5.2,0.4,11.1,2.31,high,0
384,6.7,3.6,5.1,4.0,4.6,3.18,high,0
385,9.8,2.2,9.7,0.1,2.2,3.16,high,0
386,8.7,3.9,6.3,3.3,1.8,3.2,high,0
387,6.0,2.3,7.3,5.8,2.6,2.58,moderate,2
388,5.6,0.6,6.1,1.5,10.2,3.07,low,1
389,9.3,2.2,7.6,0.6,4.3,3.48,high,0
390,5.3,2.8,7.7,0.5,7.7,2.93,low,1
391,7.3,1.9,5.8,5.7,3.3,3.18,high,0
393,5.3,2.1,9.0,2.8,4.8,2.67,low,1
394,5.8,1.3,8.8,3.1,5.0,2.71,low,1
395,6.0,3.5,9.4,4.4,0.7,2.84,moderate,2
396,9.9,3.1,5.1,0.4,5.5,3.17,high,0
397,7.3,3.6,7.7,2.7,2.7,3.15,moderate,2
398,9.1,1.5,8.9,4.3,0.2,3.21,high,0
399,6.0,2.1,6.4,4.8,4.7,3.27,moderate,2
400,9.0,1.6,9.6,2.0,1.8,3.57,high,0
401,5.8,2.8,9.0,1.9,4.5,2.8,low,1
402,5.9,3.6,8.3,0.9,5.3,2.8,low,1
403,7.2,2.5,5.4,5.3,3.6,3.08,high,0
404,9.8,1.7,9.9,1.7,0.9,3.75,high,0
406,8.6,3.6,5.4,4.4,2.0,3.81,high,0
407,5.9,3.4,9.1,3.0,2.6,2.68,low,1
408,7.4,3.3,7.3,2.1,3.9,3.34,moderate,2
409,7.5,3.3,6.7,1.0,5.5,3.29,moderate,2
410,5.5,1.0,5.7,2.1,9.7,2.93,high,0
411,7.3,3.0,8.3,3.4,2.0,3.29,moderate,2
412,7.4,3.9,8.2,0.6,3.9,3.02,moderate,2
413,8.4,1.3,8.4,0.4,5.5,3.32,high,0
414,6.1,3.3,6.4,3.9,4.3,2.86,moderate,2
415,8.5,2.1,6.5,1.3,5.6,3.38,high,0
416,9.4,3.1,8.9,1.7,0.9,3.45,high,0
417,6.3,3.6,8.4,3.2,2.5,2.92,moderate,2
418,7.3,3.5,7.7,2.1,3.4,2.9,moderate,2
419,9.9,0.4,7.1,0.3,6.3,3.55,high,0
420,6.4,3.4,6.5,5.5,2.2,3.0,moderate,2
421,8.8,3.2,5.1,5.8,1.1,3.13,high,0
422,9.1,1.1,9.4,0.5,3.9,3.58,high,0
423,8.5,2.2,5.5,1.5,6.3,3.27,high,0
425,8.7,0.2,9.5,4.8,0.8,3.5,high,0
426,9.5,0.7,5.4,1.4,7.0,3.77,high,0
427,9.0,0.1,7.9,6.0,1.0,3.36,high,0
428,5.3,3.3,8.0,0.7,6.7,3.03,low,1
429,5.5,3.6,8.3,5.0,1.6,2.86,low,1
430,7.6,1.7,6.6,2.6,5.5,3.34,moderate,2
431,8.9,2.4,9.5,1.4,1.8,3.66,high,0
432,8.0,2.8,6.2,3.1,3.9,3.46,moderate,2
433,5.5,1.5,7.4,3.9,5.7,2.85,low,1
434,8.7,2.0,8.2,0.4,4.7,3.42,high,0
435,6.3,1.4,7.4,0.3,8.6,2.86,moderate,2
436,9.9,1.3,7.4,1.1,4.3,3.35,high,0
437,8.1,1.1,6.0,3.1,5.7,3.15,high,0
438,9.0,2.3,7.6,1.5,3.6,3.2,high,0
439,9.7,1.6,5.4,3.7,3.6,3.39,high,0
440,7.5,3.5,7.5,3.9,1.6,2.97,moderate,2
441,10.0,0.5,6.4,2.4,4.7,3.14,high,0
442,9.5,2.9,8.0,1.1,2.5,3.11,high,0
443,9.1,3.8,9.1,0.0,2.0,3.27,high,0
444,6.3,0.2,8.0,4.1,5.4,2.97,moderate,2
445,5.6,1.5,7.3,2.2,7.4,2.8,low,1
446,8.8,0.3,5.4,2.1,7.4,3.12,high,0
449,8.6,0.5,9.5,0.4,5.0,3.06,high,0
450,5.1,1.7,6.5,2.9,7.8,2.79,low,1
451,7.9,0.2,5.6,3.4,6.9,3.44,high,0
452,8.3,3.4,8.5,1.6,2.2,3.07,high,0
453,8.4,1.1,6.5,4.7,3.3,3.54,high,0
454,9.1,3.4,9.6,0.8,1.1,3.31,high,0
455,6.6,2.3,6.9,3.6,4.6,3.2,moderate,2
456,6.9,0.7,7.2,0.9,8.3,3.26,moderate,2
457,9.5,1.4,5.8,0.2,7.1,3.69,high,0
458,6.7,0.3,7.0,1.9,8.1,3.28,moderate,2
459,8.4,2.4,6.8,1.3,5.1,3.25,high,0
460,8.4,0.6,7.4,0.2,7.4,3.32,high,0
461,7.5,3.9,6.9,0.2,5.5,3.11,moderate,2
462,5.8,0.1,8.8,2.8,6.5,2.8,low,1
463,6.4,3.6,5.6,5.7,2.7,3.1,high,0
464,8.0,3.3,9.9,0.8,2.0,3.13,moderate,2
465,9.8,1.6,6.9,1.9,3.8,3.23,high,0
466,7.8,2.2,8.8,4.3,0.9,3.2,moderate,2
467,7.2,1.2,6.3,1.2,8.1,3.05,moderate,2
468,6.4,3.9,7.8,2.0,3.9,2.87,moderate,2
469,7.9,0.6,7.2,3.8,4.5,2.68,moderate,2
470,10.0,3.5,8.1,1.4,1.0,3.44,high,0
471,8.1,0.8,7.0,0.2,7.9,3.74,high,0
473,7.7,3.5,5.7,4.7,2.4,3.21,high,0
474,6.4,3.5,9.7,0.7,3.7,2.89,moderate,2
475,7.3,3.9,7.4,4.7,0.7,2.74,moderate,2
476,6.4,0.8,8.8,2.3,5.7,3.21,moderate,2
477,7.6,2.0,7.9,5.2,1.3,3.13,moderate,2
478,9.1,3.1,7.9,3.7,0.2,3.42,high,0
479,6.0,0.4,9.3,2.6,5.7,3.02,moderate,2
480,8.1,3.7,5.1,2.9,4.2,2.63,high,0
481,8.4,2.9,8.5,0.6,3.6,3.07,high,0
482,9.0,1.1,6.1,5.7,2.1,3.07,high,0
483,5.0,4.0,8.4,5.0,1.6,2.9,low,1
484,8.7,0.6,8.8,4.5,1.4,3.41,high,0
485,8.3,3.1,9.2,2.1,1.3,3.24,high,0
486,5.4,1.6,7.0,0.4,9.6,2.63,low,1
487,6.7,0.4,9.0,5.7,2.2,2.63,moderate,2
488,5.4,2.0,9.0,4.2,3.4,2.85,low,1
489,5.3,0.3,7.0,1.8,9.6,2.64,low,1
490,9.0,3.7,7.0,3.9,0.4,3.16,high,0
491,6.6,1.9,6.1,3.8,5.6,3.0,moderate,2
492,6.8,2.6,5.6,5.3,3.7,3.08,high,0
493,7.5,1.8,7.9,3.7,3.1,3.17,moderate,2
494,6.2,2.9,9.1,4.7,1.1,2.83,moderate,2
496,6.4,0.5,8.1,0.3,8.7,2.61,moderate,2
497,8.7,1.3,5.0,3.1,5.9,3.24,high,0
498,9.2,0.0,6.2,4.4,4.2,3.41,high,0
499,6.6,0.4,6.8,1.6,8.6,2.89,moderate,2
500,8.9,3.6,7.2,3.9,0.4,3.51,high,0
501,6.9,3.9,5.4,4.1,3.7,2.55,high,0
503,8.6,2.7,9.8,2.2,0.7,3.31,high,0
504,6.5,0.4,8.9,3.9,4.3,3.01,moderate,2
506,6.0,1.5,6.8,0.3,9.4,2.44,moderate,2
507,8.8,1.7,9.1,3.7,0.7,3.44,high,0
509,8.0,1.2,5.7,3.9,5.2,3.03,high,0
510,8.2,1.6,8.6,1.1,4.5,3.46,high,0
511,9.5,1.1,6.8,0.3,6.3,3.43,high,0
512,6.3,3.3,5.1,2.3,7.0,2.74,high,0
513,6.7,0.1,5.6,2.5,9.1,2.49,high,0
514,7.7,2.4,5.0,2.8,6.1,3.12,high,0
515,9.8,2.1,8.4,1.2,2.5,3.61,high,0
516,7.6,3.9,5.6,0.1,6.8,3.28,high,0
517,8.9,3.2,5.6,1.6,4.7,3.36,high,0
518,6.7,1.5,5.0,1.8,9.0,3.31,high,0
520,8.9,1.8,7.0,1.8,4.5,3.38,high,0
521,5.3,0.9,6.2,2.9,8.7,2.76,low,1
522,5.3,3.8,9.7,4.1,1.1,3.13,low,1
523,10.0,2.2,9.8,0.2,1.8,3.25,moderate,2
524,6.0,0.6,8.1,4.7,4.6,2.78,moderate,2
525,7.9,0.6,9.1,3.8,2.6,3.5,moderate,2
528,5.7,3.8,7.6,1.5,5.4,3.27,low,1
529,7.5,2.7,5.4,1.6,6.8,3.09,high,0
530,7.7,1.7,5.2,1.0,8.4,3.43,high,0
531,7.2,0.8,5.2,5.1,5.7,2.99,high,0
532,9.8,0.8,9.8,3.6,0.0,3.59,high,0
533,8.6,3.9,7.8,1.0,2.7,3.69,high,0
534,5.4,2.5,9.9,1.1,5.1,2.54,low,1
535,9.0,3.6,9.7,1.6,0.1,3.44,high,0
536,8.8,0.6,7.4,4.3,2.9,3.32,high,0
537,6.2,2.6,8.3,1.0,5.9,3.23,moderate,2
538,7.5,0.0,5.0,2.1,9.4,3.2,high,0
539,9.6,0.9,8.2,1.2,4.1,3.62,high,0
540,8.6,0.4,7.1,0.2,7.7,3.2,high,0
541,7.4,2.6,5.6,1.7,6.7,3.26,high,0
542,10.0,0.2,8.8,1.9,3.1,3.46,high,0
543,7.0,3.0,9.6,4.2,0.2,2.68,moderate,2
544,8.9,1.0,7.8,2.2,4.1,3.54,high,0
545,8.3,1.0,6.0,5.5,3.2,3.25,high,0
546,6.1,0.2,5.2,1.1,11.4,2.72,high,0
547,9.3,1.1,9.8,2.2,1.6,3.79,high,0
548,7.6,3.0,6.4,2.1,4.9,2.83,moderate,2
549,9.5,3.8,9.5,0.5,0.7,3.4,high,0
550,7.5,0.8,8.0,1.1,6.6,3.43,moderate,2
551,6.7,3.4,6.0,0.4,7.5,2.48,moderate,2
552,9.1,3.3,6.7,3.4,1.5,3.4,high,0
553,8.9,2.6,5.8,5.3,1.4,2.98,high,0
554,7.1,0.2,5.6,4.6,6.5,3.13,high,0
555,5.0,1.7,7.6,0.3,9.4,2.53,low,1
556,6.2,0.0,8.6,5.8,3.4,2.71,low,1
557,6.1,2.7,8.7,5.1,1.4,2.57,moderate,2
558,6.6,2.9,9.1,1.0,4.4,2.85,moderate,2
559,6.9,3.6,9.0,4.4,0.1,2.92,moderate,2
560,8.0,2.6,5.4,3.3,4.7,3.48,high,0
561,8.5,0.7,8.9,3.4,2.5,3.41,high,0
562,6.5,2.9,8.8,0.6,5.2,2.67,moderate,2
563,7.6,2.0,6.8,5.6,2.0,3.25,moderate,2
564,8.6,1.8,9.6,2.8,1.2,3.47,high,0
565,8.6,3.4,6.4,4.5,1.1,3.18,high,0
566,6.7,3.9,9.3,2.9,1.2,2.78,moderate,2
567,8.6,2.2,9.7,1.7,1.8,3.07,high,0
568,8.9,2.9,6.9,0.1,5.2,3.26,high,0
569,9.2,0.0,8.5,5.8,0.5,3.08,high,0
570,8.5,3.3,7.7,4.4,0.1,3.2,high,0
571,5.3,2.0,8.6,5.2,2.9,2.89,low,1
572,7.8,1.6,5.7,5.2,3.7,3.06,high,0
573,5.8,1.2,6.5,5.2,5.3,3.08,low,1
574,6.3,2.5,7.9,5.0,2.3,3.07,moderate,2
575,9.5,0.0,8.4,0.3,5.8,3.07,high,0
576,6.5,1.4,8.1,2.0,6.0,3.06,moderate,2
577,8.7,1.6,5.3,4.7,3.7,3.2,high,0
579,9.7,2.6,8.4,2.1,1.2,3.38,high,0
580,8.8,0.4,6.4,1.7,6.7,3.05,high,0
581,7.2,3.9,5.3,3.1,4.5,3.03,high,0
582,8.7,2.8,7.1,1.9,3.5,3.12,high,0
583,7.0,1.1,6.0,2.9,7.0,2.87,high,0
584,8.3,3.9,8.0,0.3,3.5,3.04,high,0
585,5.4,3.8,6.5,0.6,7.7,3.14,low,1
586,8.2,1.1,5.1,5.8,3.8,3.5,high,0
587,6.3,2.7,8.5,3.7,2.8,2.72,moderate,2
588,8.0,3.5,9.7,0.3,2.5,3.02,moderate,2
589,5.8,3.8,8.7,5.0,0.7,2.95,low,1
590,8.5,2.7,7.0,0.1,5.7,3.01,high,0
591,7.9,1.0,7.3,5.7,2.1,3.41,moderate,2
592,5.9,2.7,9.9,0.6,4.9,2.82,low,1
593,5.0,1.7,5.5,4.5,7.3,2.72,high,0
594,6.3,1.7,8.6,0.1,7.3,3.11,moderate,2
595,7.9,2.5,8.2,1.3,4.1,3.08,moderate,2
596,6.0,3.5,8.7,0.1,5.7,2.95,moderate,2
597,6.2,0.9,6.4,1.5,9.0,2.92,moderate,2
598,8.7,2.4,8.4,0.4,4.1,3.16,high,0
599,9.8,3.4,9.0,1.5,0.3,3.49,high,0
600,6.0,2.5,8.7,4.4,2.4,3.05,moderate,2
601,7.6,0.3,6.9,5.5,3.7,3.35,moderate,2
602,6.3,1.5,9.5,4.0,2.7,3.42,moderate,2
603,8.9,1.8,8.2,1.3,3.8,3.21,high,0
604,7.2,2.6,9.7,0.3,4.2,3.42,moderate,2
605,9.1,1.2,7.2,0.1,6.4,3.37,high,0
606,5.3,2.0,9.6,0.6,6.5,2.41,low,1
607,8.8,1.6,8.3,1.4,3.9,3.26,high,0
608,5.4,0.7,8.3,5.3,4.3,2.75,low,1
610,7.6,2.1,6.8,2.1,5.4,2.97,moderate,2
611,9.1,3.2,6.5,4.8,0.4,3.34,high,0
612,6.8,2.0,9.7,4.8,0.7,3.09,moderate,2
613,5.5,1.6,7.8,3.0,6.1,2.9,low,1
614,8.4,3.4,9.3,2.2,0.7,3.2,high,0
615,7.2,2.4,5.8,4.0,4.6,3.19,high,0
616,6.1,0.5,5.8,0.0,11.6,2.73,high,0
617,8.6,2.9,7.6,0.8,4.1,3.15,high,0
618,5.5,0.9,7.6,3.6,6.4,2.57,low,1
619,6.2,0.2,7.0,1.4,9.2,3.13,moderate,2
620,7.1,1.7,7.7,4.2,3.3,3.48,moderate,2
621,8.5,0.7,7.5,2.5,4.8,3.34,high,0
623,6.7,0.6,8.5,1.2,7.0,3.18,moderate,2
624,6.0,2.0,7.1,0.1,8.8,2.85,moderate,2
625,9.0,0.3,7.4,3.4,3.9,3.64,high,0
626,6.3,0.0,8.6,3.2,5.9,3.14,moderate,2
628,7.3,0.7,9.3,5.3,1.4,2.97,moderate,2
629,7.3,0.3,6.9,4.8,4.7,3.09,moderate,2
630,5.3,3.5,6.9,3.3,5.0,2.81,low,1
631,9.8,0.3,8.2,0.4,5.3,3.71,high,0
632,7.2,4.0,7.8,1.6,3.4,2.98,moderate,2
633,6.1,1.4,6.9,0.4,9.2,2.79,moderate,2
634,8.6,2.6,8.5,0.0,4.3,2.85,high,0
635,6.1,2.6,7.4,0.0,7.9,3.03,moderate,2
636,7.7,0.3,8.8,3.5,3.7,3.29,moderate,2
637,8.9,3.0,9.0,1.6,1.5,3.42,high,0
638,8.1,3.0,5.8,1.2,5.9,3.04,high,0
639,9.5,3.0,9.5,1.5,0.5,3.76,high,0
640,9.4,2.3,8.2,0.6,3.5,3.62,high,0
641,7.4,2.9,6.4,1.2,6.1,2.89,moderate,2
642,6.1,1.7,9.5,3.0,3.7,2.76,moderate,2
643,5.9,0.3,8.5,2.3,7.0,2.99,low,1
644,9.0,1.1,8.5,1.4,4.0,3.56,high,0
645,9.7,2.5,6.6,1.4,3.8,3.57,high,0
646,6.1,2.4,6.3,4.0,5.2,2.73,moderate,2
647,9.1,3.1,8.8,0.6,2.4,3.42,high,0
648,6.8,1.7,5.2,1.6,8.7,2.91,high,0
649,5.2,3.5,6.2,3.3,5.8,2.8,low,1
650,6.6,3.6,9.4,1.4,3.0,2.94,moderate,2
651,9.5,4.0,9.1,1.2,0.2,3.52,moderate,2
652,5.3,0.4,10.0,2.0,6.3,2.49,low,1
654,5.1,1.4,8.9,3.4,5.2,2.72,low,1
655,6.6,2.6,6.2,0.1,8.5,3.11,moderate,2
656,8.8,0.2,9.2,3.6,2.2,3.59,high,0
657,7.8,2.5,9.3,2.6,1.8,3.2,moderate,2
658,8.8,1.8,8.5,1.9,3.0,3.32,high,0
659,6.1,2.4,9.6,5.5,0.4,2.99,moderate,2
660,6.1,4.0,9.9,2.6,1.4,2.49,moderate,2
661,9.0,2.9,8.0,0.2,3.9,3.74,high,0
662,8.4,1.5,9.7,0.7,3.7,3.16,high,0
663,7.5,2.8,8.5,3.4,1.8,2.98,moderate,2
664,8.2,2.4,5.9,4.2,3.3,3.13,high,0
666,9.2,3.2,9.8,1.0,0.8,3.55,high,0
667,7.4,1.6,5.8,3.4,5.8,3.19,high,0
668,7.9,2.4,6.8,0.3,6.6,3.14,moderate,2
669,5.2,1.7,5.4,3.6,8.1,2.55,high,0
671,6.4,3.2,10.0,0.1,4.3,3.01,moderate,2
673,6.7,0.3,9.9,4.9,2.2,2.96,moderate,2
674,5.4,0.8,6.1,2.8,8.9,2.66,low,1
675,6.3,0.4,5.8,0.9,10.6,2.93,high,0
676,6.4,3.2,6.6,1.8,6.0,3.06,moderate,2
677,6.2,0.5,6.3,2.1,8.9,2.84,moderate,2
678,6.1,3.2,5.7,2.1,6.9,2.95,high,0
679,9.3,0.6,5.4,2.9,5.8,3.51,high,0
680,9.0,0.5,7.9,3.0,3.6,2.99,high,0
681,5.7,2.5,6.4,2.9,6.5,2.84,low,1
682,6.5,3.3,5.3,2.5,6.4,2.81,high,0
683,7.3,2.9,7.9,3.9,2.0,3.19,moderate,2
684,6.6,2.2,9.2,5.9,0.1,3.06,moderate,2
685,9.4,1.5,6.0,2.9,4.2,3.4,high,0
686,7.4,3.4,6.8,5.2,1.2,3.45,moderate,2
687,7.0,1.3,7.3,4.6,3.8,3.0,moderate,2
688,9.8,0.7,7.8,3.3,2.4,3.41,high,0
689,7.4,2.6,6.1,3.3,4.6,3.41,moderate,2
690,5.7,2.3,5.9,1.7,8.4,2.62,high,0
691,6.1,0.7,9.1,1.7,6.4,2.69,moderate,2
692,6.9,3.2,6.8,0.5,6.6,3.08,moderate,2
693,7.8,3.4,9.0,0.7,3.1,2.95,moderate,2
694,6.1,3.5,6.2,1.6,6.6,3.05,moderate,2
695,5.0,3.5,9.0,3.8,2.7,2.62,low,1
696,7.3,1.4,5.5,2.9,6.9,3.19,high,0
697,9.6,0.2,6.5,1.2,6.5,3.5,high,0
698,7.3,1.9,8.8,0.9,5.1,3.06,moderate,2
699,7.4,1.7,8.0,6.0,0.9,3.0,moderate,2
700,9.1,0.7,5.2,1.2,7.8,3.64,high,0
701,6.7,2.0,8.1,5.5,1.7,3.11,moderate,2
702,5.3,0.1,7.8,2.6,8.2,3.58,low,1
703,9.2,0.6,5.1,2.7,6.4,3.27,high,0
704,8.0,1.1,5.9,2.3,6.7,3.27,high,0
705,9.0,1.6,8.8,0.6,4.0,3.2,high,0
706,8.4,2.3,9.6,1.4,2.3,3.41,high,0
707,5.3,0.1,9.1,3.1,6.4,2.65,low,1
708,6.7,0.1,9.8,4.0,3.4,3.15,moderate,2
709,9.7,1.1,8.1,3.5,1.6,3.63,high,0
710,9.7,3.5,8.7,0.6,1.5,3.36,high,0
711,6.4,3.9,5.1,4.3,4.3,3.14,high,0
712,10.0,1.2,6.7,0.5,5.6,3.79,high,0
713,7.2,1.0,6.7,5.0,4.1,3.21,moderate,2
714,5.3,0.4,5.8,3.6,8.9,2.76,high,0
715,5.8,3.9,7.2,3.0,4.1,2.83,low,1
716,8.3,3.0,8.8,2.3,1.6,2.92,high,0
717,9.5,3.3,8.8,0.1,2.3,3.24,high,0
718,7.0,3.5,9.5,3.6,0.4,3.4,moderate,2
719,6.6,2.8,6.4,1.1,7.1,2.88,moderate,2
720,7.1,3.3,5.6,4.4,3.6,2.85,high,0
721,7.7,1.2,7.5,1.8,5.8,2.88,moderate,2
722,5.8,0.5,7.7,5.4,4.6,3.27,low,1
724,8.3,3.6,7.0,1.7,3.4,3.5,high,0
725,5.1,3.3,9.0,0.6,6.0,2.54,low,1
726,5.6,3.9,6.1,0.4,8.0,3.32,low,1
727,8.0,3.0,5.2,4.0,3.8,3.01,high,0
728,5.9,2.3,6.5,5.6,3.7,2.9,low,1
729,9.1,3.9,6.3,4.6,0.1,2.98,high,0
730,5.3,0.2,8.5,2.7,7.3,2.62,low,1
731,6.1,2.5,6.3,3.5,5.6,3.13,moderate,2
733,9.0,1.3,6.0,0.5,7.2,3.05,high,0
734,9.2,0.9,6.9,4.9,2.1,2.81,high,0
735,9.1,1.5,7.3,1.8,4.3,3.4,high,0
736,7.7,0.1,7.4,2.4,6.4,3.24,moderate,2
737,5.8,2.6,9.9,3.2,2.5,2.8,low,1
738,7.1,0.5,8.1,5.6,2.7,3.1,moderate,2
740,9.1,2.4,6.9,1.4,4.2,3.3,high,0
741,5.5,1.4,7.1,4.1,5.9,2.71,low,1
742,7.0,0.7,5.8,5.0,5.5,3.09,high,0
743,5.2,1.7,5.8,5.3,6.0,2.48,high,0
744,7.5,2.9,9.8,0.8,3.0,3.19,moderate,2
745,9.4,3.7,9.6,0.8,0.5,3.16,high,0
746,8.8,2.1,8.4,2.0,2.7,3.66,high,0
747,8.7,3.3,5.7,5.0,1.3,3.55,high,0
748,7.2,1.5,9.6,1.4,4.3,3.11,moderate,2
749,9.2,1.9,7.6,1.6,3.7,3.02,high,0
750,5.2,1.1,5.0,5.9,6.8,2.93,high,0
751,9.8,1.6,8.6,1.4,2.6,3.68,high,0
752,9.7,1.6,8.9,1.0,2.8,3.57,high,0
753,10.0,0.1,8.0,3.9,2.0,3.35,high,0
754,9.7,0.7,8.1,1.2,4.3,3.53,high,0
755,6.5,2.2,7.1,1.0,7.2,2.91,moderate,2
757,5.5,0.1,8.3,3.6,6.5,2.73,low,1
758,5.1,3.3,9.9,0.8,4.9,2.64,low,1
759,6.2,3.5,9.6,2.0,2.7,2.55,moderate,2
760,5.1,2.3,5.1,4.7,6.8,3.03,high,0
761,6.5,0.2,7.9,2.4,7.0,2.98,moderate,2
762,6.4,2.8,6.4,5.4,3.0,3.05,moderate,2
763,6.9,2.2,5.3,2.6,7.0,3.12,high,0
764,6.1,0.9,9.1,5.6,2.3,3.01,moderate,2
765,5.5,1.8,6.7,5.2,4.8,2.24,low,1
766,6.7,1.6,7.6,1.0,7.1,2.93,moderate,2
767,7.9,3.2,8.8,0.6,3.5,3.09,moderate,2
769,5.2,1.6,8.5,1.2,7.5,2.52,low,1
770,9.4,3.6,6.5,1.0,3.5,3.57,high,0
771,7.1,1.0,8.4,5.0,2.5,3.26,moderate,2
772,7.0,0.6,8.7,2.2,5.5,3.15,moderate,2
773,8.4,1.1,5.4,6.0,3.1,3.44,high,0
774,9.3,1.2,7.3,3.7,2.5,3.76,high,0
775,7.1,1.7,6.7,3.4,5.1,2.99,moderate,2
776,9.7,2.8,9.1,1.3,1.1,3.54,high,0
777,8.9,0.1,9.1,0.2,5.7,3.14,high,0
778,8.8,1.0,9.3,0.5,4.4,3.18,high,0
779,5.6,3.9,8.4,5.1,1.0,3.08,low,1
780,8.0,2.4,8.4,3.0,2.2,2.96,moderate,2
781,7.1,1.1,8.8,1.4,5.6,2.85,moderate,2
782,8.1,3.0,6.1,0.4,6.4,3.37,high,0
783,5.7,2.4,9.2,0.3,6.4,2.69,low,1
784,7.4,3.7,6.7,2.8,3.4,3.36,moderate,2
785,5.1,0.3,6.3,0.2,12.1,2.55,low,1
786,7.7,0.7,6.5,4.0,5.1,3.54,moderate,2
787,9.8,0.2,9.5,2.6,1.9,3.47,high,0
788,5.3,0.4,8.0,2.0,8.3,3.37,low,1
789,9.6,1.6,5.7,4.3,2.8,3.49,high,0
790,8.5,3.6,9.0,2.0,0.9,2.9,high,0
791,8.4,3.8,6.5,0.0,5.3,3.08,high,0
792,8.3,2.5,8.0,0.1,5.1,3.1,high,0
793,8.6,1.3,8.3,3.2,2.6,3.11,high,0
794,5.5,3.3,9.6,3.6,2.0,2.75,low,1
795,5.5,1.6,8.6,4.7,3.6,2.64,low,1
796,6.3,0.1,7.7,5.1,4.8,3.22,moderate,2
797,9.8,2.3,7.6,0.4,3.9,3.04,high,0
798,8.0,1.6,6.2,0.6,7.6,3.38,moderate,2
799,6.6,0.4,5.9,5.9,5.2,3.27,high,0
800,9.4,4.0,7.9,2.2,0.5,2.91,high,0
801,6.6,1.2,7.0,4.0,5.2,2.76,moderate,2
802,5.7,2.5,5.6,3.5,6.7,3.08,high,0
804,8.1,0.7,5.1,1.7,8.4,3.21,high,0
805,7.2,2.5,9.2,1.0,4.1,3.07,moderate,2
806,7.9,2.2,5.4,0.3,8.2,2.99,high,0
807,5.5,2.3,7.7,1.4,7.1,3.05,low,1
808,5.2,2.0,8.4,1.5,6.9,2.88,low,1
809,6.5,2.5,9.5,4.5,1.0,3.29,moderate,2
810,6.8,2.6,7.3,1.1,6.2,3.13,moderate,2
812,8.4,1.6,8.8,2.4,2.8,3.51,high,0
813,7.1,3.7,6.3,0.7,6.2,3.15,moderate,2
814,6.9,0.2,6.7,3.0,7.2,3.05,moderate,2
815,5.8,2.6,10.0,2.5,3.1,2.64,low,1
816,5.6,3.5,7.1,2.3,5.5,2.5,low,1
817,8.3,1.8,8.2,0.4,5.3,3.33,high,0
818,5.8,1.9,8.0,3.5,4.8,2.9,low,1
819,7.0,1.4,5.6,2.4,7.6,3.15,high,0
820,6.0,0.2,7.8,3.6,6.4,2.75,moderate,2
821,9.4,2.3,6.7,4.5,1.1,3.25,high,0
822,7.8,3.6,7.0,1.7,3.9,3.19,high,0
823,5.7,0.6,7.2,3.6,6.9,2.96,low,1
824,9.1,0.3,7.4,3.8,3.4,3.66,high,0
825,9.1,3.1,6.4,5.1,0.3,3.45,high,0
826,7.9,3.7,8.4,1.9,2.1,2.68,moderate,2
827,9.0,3.8,5.1,5.9,0.2,3.22,high,0
828,7.2,2.6,6.9,0.3,7.0,3.0,moderate,2
829,8.0,3.6,6.9,1.2,4.3,3.08,moderate,2
830,9.1,3.3,7.9,1.3,2.4,3.35,high,0
831,9.0,2.2,9.1,2.3,1.4,3.44,high,0
832,7.1,3.8,7.7,3.3,2.1,3.33,moderate,2
833,6.1,2.5,7.9,1.1,6.4,2.94,moderate,2
834,8.8,2.1,6.1,4.0,3.0,3.2,high,0
835,5.4,1.8,5.8,1.1,9.9,2.71,high,0
836,5.3,1.6,7.6,2.9,6.6,2.54,low,1
837,6.9,3.4,5.7,3.0,5.0,3.37,low,1
838,9.4,2.2,9.8,0.1,2.5,3.79,high,0
840,9.7,3.4,6.5,0.3,4.1,3.48,high,0
841,5.8,0.5,5.6,3.1,9.0,2.73,high,0
842,9.9,2.7,9.7,0.2,1.5,3.23,high,0
843,6.9,2.2,5.4,0.0,9.5,3.27,high,0
844,7.1,2.0,7.1,0.1,7.7,3.34,moderate,2
845,6.7,0.7,5.5,5.7,5.4,3.31,high,0
846,6.6,1.6,6.2,0.6,9.0,3.12,moderate,2
847,5.9,3.2,8.4,3.3,3.2,3.05,low,1
848,5.4,1.1,6.7,4.7,6.1,2.8,low,1
849,10.0,1.0,9.4,3.0,0.6,3.4,high,0
850,7.0,3.9,5.9,4.8,2.4,2.78,high,0
851,6.7,2.9,7.1,3.5,3.8,3.09,moderate,2
852,9.3,0.2,8.5,0.8,5.2,3.49,high,0
853,7.1,2.2,7.0,3.1,4.6,2.87,moderate,2
854,5.7,0.6,9.7,5.3,2.7,3.18,low,1
855,9.5,4.0,6.0,1.6,2.9,3.39,high,0
856,7.1,1.4,8.0,3.5,4.0,3.48,moderate,2
857,5.8,1.9,7.8,3.4,5.1,3.01,low,1
858,5.1,1.4,8.9,3.4,5.2,2.6,low,1
859,6.3,2.8,7.8,4.8,2.3,3.08,moderate,2
860,7.4,0.5,6.3,2.5,7.3,3.4,moderate,2
861,8.0,2.1,6.4,0.0,7.5,2.83,moderate,2
862,8.7,0.1,7.9,5.6,1.7,3.3,high,0
864,7.6,3.6,6.0,0.1,6.7,3.38,moderate,2
865,9.3,2.3,9.5,1.7,1.2,3.34,high,0
866,8.7,3.7,7.9,0.7,3.0,3.57,high,0
867,6.3,0.8,6.2,1.8,8.9,3.37,moderate,2
868,7.1,2.5,5.4,0.5,8.5,3.33,high,0
869,5.9,2.1,6.1,1.7,8.2,3.13,low,1
870,5.1,2.6,8.3,4.8,3.2,2.69,low,1
871,9.7,0.1,5.8,5.3,3.1,3.92,high,0
872,8.3,2.7,9.7,3.3,0.0,2.95,high,0
873,8.6,1.1,9.4,0.2,4.7,3.36,high,0
874,6.3,0.9,5.7,5.2,5.9,2.9,high,0
876,7.1,0.8,9.9,3.9,2.3,3.28,moderate,2
877,9.7,1.2,8.9,3.2,1.0,3.26,high,0
878,8.4,2.9,7.9,1.0,3.8,3.2,low,1
879,7.5,1.2,7.1,3.9,4.3,2.96,moderate,2
880,7.0,1.1,6.0,4.7,5.2,3.2,moderate,2
881,9.5,1.5,8.8,3.8,0.4,3.36,high,0
882,9.8,1.5,6.7,0.4,5.6,3.54,high,0
883,7.4,0.4,6.2,1.9,8.1,3.16,moderate,2
884,6.5,3.4,9.3,3.7,1.1,3.02,moderate,2
885,5.7,2.8,9.7,4.0,1.8,2.86,low,1
886,8.2,2.0,5.6,1.9,6.3,2.81,high,0
887,9.0,3.4,5.7,5.6,0.3,3.59,high,0
888,8.8,3.2,9.7,0.7,1.6,3.07,high,0
889,9.3,0.5,8.5,4.2,1.5,3.17,high,0
890,9.4,0.7,5.3,4.3,4.3,3.57,high,0
891,7.4,3.4,6.9,1.0,5.3,3.15,moderate,2
892,5.9,2.9,7.6,3.6,4.0,3.13,low,1
893,7.3,3.3,9.1,3.1,1.2,3.34,moderate,2
894,6.8,3.5,8.6,0.6,4.5,3.23,moderate,2
895,7.0,3.5,5.2,5.8,2.5,3.26,high,0
896,6.4,1.0,9.7,1.8,5.1,3.25,moderate,2
897,8.9,1.6,5.7,0.1,7.7,3.42,high,0
898,6.8,1.4,6.7,3.1,6.0,3.03,moderate,2
899,7.2,3.5,7.5,2.9,2.9,3.04,moderate,2
900,8.3,2.4,7.1,2.5,3.7,3.22,high,0
901,8.9,0.8,9.1,3.4,1.8,3.1,high,0
902,6.3,3.0,7.6,1.9,5.2,2.48,moderate,2
903,8.0,4.0,7.2,4.4,0.4,3.11,moderate,2
904,6.0,1.7,6.1,0.0,10.2,2.87,moderate,2
905,9.6,3.4,8.7,0.4,1.9,3.5,moderate,2
906,7.2,0.5,7.6,2.1,6.6,3.11,moderate,2
907,6.9,2.5,8.6,0.7,5.3,3.29,moderate,2
908,6.7,1.8,8.4,3.1,4.0,2.92,moderate,2
909,9.3,3.5,5.0,4.7,1.5,3.45,high,0
910,7.4,3.9,8.8,1.0,2.9,3.11,moderate,2
911,7.7,4.0,9.3,0.3,2.7,2.96,moderate,2
912,5.0,1.6,6.2,4.9,6.3,3.01,low,1
913,6.7,3.3,5.0,1.8,7.2,2.85,high,0
915,7.1,1.5,9.4,5.4,0.6,2.65,moderate,2
916,5.5,3.8,5.3,1.8,7.6,2.81,high,0
917,6.5,1.3,5.8,4.7,5.7,3.04,high,0
918,5.6,0.3,9.5,1.1,7.5,2.66,low,1
919,9.1,2.2,5.4,5.7,1.6,3.48,high,0
920,5.8,3.4,5.1,3.1,6.6,2.79,high,0
921,8.8,3.7,9.5,1.6,0.4,3.29,high,0
922,6.4,1.2,6.9,2.4,7.1,3.0,moderate,2
923,7.7,0.6,8.5,1.0,6.2,3.16,moderate,2
924,9.0,3.0,8.2,0.6,3.2,2.96,high,0
925,7.7,0.3,6.9,2.5,6.6,3.08,moderate,2
926,5.9,1.6,9.7,0.8,6.0,2.86,low,1
927,8.8,0.4,9.9,1.9,3.0,3.19,high,0
928,8.1,0.8,5.7,5.6,3.8,3.45,high,0
929,9.6,3.5,8.1,2.3,0.5,3.4,high,0
930,6.6,2.5,6.8,0.9,7.2,2.88,moderate,2
931,8.0,3.3,6.9,0.8,5.0,3.08,moderate,2
932,6.5,2.6,8.0,4.2,2.7,2.83,moderate,2
933,6.8,3.3,6.0,2.8,5.1,2.92,moderate,2
934,5.5,3.5,6.7,4.1,4.2,2.92,low,1
935,5.1,2.8,6.6,0.3,9.2,2.49,low,1
936,6.9,0.3,5.7,1.8,9.3,3.15,high,0
937,5.4,3.6,5.0,2.9,7.1,2.74,high,0
938,9.6,0.6,9.8,0.8,3.2,3.29,high,0
939,8.7,2.2,9.4,2.0,1.7,3.03,high,0
940,5.8,3.7,6.6,2.2,5.7,2.9,low,1
941,8.8,1.4,9.8,3.0,1.0,3.51,high,0
942,5.2,1.0,7.3,1.4,9.1,2.83,low,1
943,8.7,3.7,7.1,1.5,3.0,3.29,high,0
944,7.4,1.4,9.5,3.2,2.5,3.22,moderate,2
945,8.8,3.2,6.7,2.3,3.0,3.24,low,1
947,9.0,3.4,7.0,0.2,4.4,3.68,high,0
948,7.3,3.0,6.8,3.8,3.1,2.91,moderate,2
949,5.9,3.0,7.7,1.2,6.2,3.09,low,1
951,9.8,1.7,7.4,4.6,0.5,3.84,high,0
952,6.3,1.8,5.6,1.2,9.1,2.99,high,0
953,5.0,0.2,9.9,1.5,7.4,2.94,low,1
954,7.8,0.6,8.6,3.6,3.4,3.26,moderate,2
955,8.7,3.1,9.9,1.3,1.0,3.55,high,0
957,9.1,2.4,7.0,2.6,2.9,3.28,high,0
958,9.3,0.4,8.9,4.6,0.8,3.58,high,0
959,5.9,1.7,5.8,4.2,6.4,3.32,high,0
960,6.0,0.8,5.2,1.9,10.1,3.01,high,0
961,7.8,3.4,8.3,2.0,2.5,3.18,moderate,2
962,6.3,0.2,8.6,0.7,8.2,3.1,moderate,2
963,6.5,2.1,7.8,3.6,4.0,2.9,moderate,2
964,8.1,3.9,8.6,3.1,0.3,2.99,high,0
965,8.8,2.4,6.0,4.0,2.8,3.59,high,0
966,7.4,2.1,6.7,3.1,4.7,3.44,moderate,2
967,6.0,3.2,5.9,0.5,8.4,3.28,high,0
968,7.2,1.1,7.8,2.1,5.8,2.93,moderate,2
969,9.7,3.7,7.5,1.0,2.1,3.04,high,0
970,9.6,0.0,7.8,4.4,2.2,3.38,high,0
971,7.4,0.3,9.9,3.1,3.3,2.84,moderate,2
972,7.4,1.7,5.4,0.6,8.9,3.23,high,0
973,9.2,1.0,6.0,3.0,4.8,3.18,high,0
974,5.2,0.2,9.2,0.7,8.7,2.82,low,1
975,5.2,1.8,9.2,1.6,6.2,2.68,low,1
976,7.2,2.3,7.9,2.0,4.6,3.06,moderate,2
977,6.6,0.4,6.8,0.6,9.6,3.31,moderate,2
978,6.4,2.5,7.3,2.9,4.9,3.12,moderate,2
979,8.8,1.1,6.6,5.5,2.0,3.32,high,0
980,9.6,2.4,7.7,1.1,3.2,3.3,high,0
981,6.7,3.4,7.8,3.1,3.0,2.98,low,1
982,8.0,0.3,8.4,5.6,1.7,3.28,moderate,2
983,7.9,0.5,7.9,4.6,3.1,3.38,moderate,2
984,8.2,3.6,8.1,0.5,3.6,3.18,moderate,2
985,6.5,0.8,9.5,4.6,2.6,2.74,moderate,2
986,5.9,3.0,7.4,1.4,6.3,3.1,low,1
987,8.1,0.2,6.6,2.8,6.3,3.14,high,0
988,6.0,3.1,7.1,3.4,4.4,2.84,moderate,2
989,5.1,0.1,7.2,4.9,6.7,2.94,low,1
990,6.9,3.3,5.7,5.6,2.5,3.05,high,0
991,8.8,3.8,8.4,1.1,1.9,3.3,low,1
992,6.7,2.8,8.8,5.3,0.4,3.05,moderate,2
993,6.0,3.2,8.7,0.4,5.7,2.6,moderate,2
994,6.5,3.9,8.2,3.9,1.5,2.82,moderate,2
995,9.9,1.5,9.0,1.6,2.0,3.44,high,0
996,9.7,0.9,6.6,4.5,2.3,3.5,high,0
997,7.0,2.4,7.2,4.5,2.9,3.0,moderate,2
998,5.8,1.4,7.0,0.3,9.5,2.49,low,1
999,7.9,3.5,5.8,3.6,3.2,3.01,high,0
1000,8.5,1.6,7.5,0.0,6.4,3.63,high,0
1001,8.5,2.6,5.2,2.2,5.5,3.26,high,0
1002,7.5,3.6,8.6,2.5,1.8,3.19,moderate,2
1003,9.0,3.5,7.3,2.0,2.2,3.43,high,0
1005,5.3,2.2,7.1,5.3,4.1,2.9,low,1
1006,7.8,0.2,9.9,3.1,3.0,3.07,moderate,2
1007,6.5,1.9,9.3,1.8,4.5,2.92,moderate,2
1008,6.5,3.1,7.4,1.4,5.6,2.93,moderate,2
1009,5.8,1.3,9.7,2.1,5.1,2.87,low,1
1010,5.9,3.6,7.3,4.3,2.9,2.95,low,1
1011,9.9,0.2,5.5,4.3,4.1,3.32,high,0
1012,5.2,0.1,8.9,0.8,9.0,2.66,low,1
1013,7.3,2.4,7.1,0.2,7.0,3.17,moderate,2
1014,7.2,2.1,7.4,2.3,5.0,3.13,moderate,2
1015,9.4,3.6,6.7,2.6,1.7,2.81,high,0
1016,6.4,3.8,5.7,3.5,4.6,3.07,high,0
1017,6.4,1.1,7.0,6.0,3.5,2.98,moderate,2
1018,5.4,0.6,7.2,3.1,7.7,2.68,low,1
1019,6.3,1.3,5.4,1.8,9.2,3.1,high,0
1020,9.5,0.0,9.1,5.1,0.3,3.05,high,0
1021,5.5,0.6,9.8,3.2,4.9,3.2,low,1
1022,8.7,4.0,6.4,2.6,2.3,3.21,high,0
1023,7.7,1.6,5.8,5.9,3.0,3.15,high,0
1024,8.0,0.9,7.7,4.2,3.2,3.44,moderate,2
1025,7.6,4.0,8.1,1.6,2.7,3.02,moderate,2
1027,7.4,3.2,7.9,1.9,3.6,2.99,moderate,2
1028,6.1,2.0,6.3,0.1,9.5,3.05,moderate,2
1029,8.2,2.0,7.2,5.8,0.8,3.45,high,0
1030,5.7,2.3,9.3,3.5,3.2,2.9,low,1
1031,8.6,1.5,5.5,2.7,5.7,3.49,high,0
1032,6.2,3.9,9.8,1.0,3.1,2.87,high,0
1034,8.4,1.1,8.7,0.3,5.5,2.86,high,0
1035,5.2,1.5,6.8,1.9,8.6,2.38,low,1
1036,6.0,1.2,9.9,2.5,4.4,2.88,low,1
1037,7.2,2.3,9.9,1.1,3.5,3.31,moderate,2
1039,8.0,3.0,6.1,5.0,1.9,2.9,moderate,2
1040,5.7,3.8,5.4,1.2,7.9,2.81,high,0
1041,6.7,2.5,7.7,0.8,6.3,2.81,moderate,2
1042,6.1,1.6,8.5,1.3,6.5,2.76,moderate,2
1043,6.8,1.6,9.9,5.4,0.3,2.89,moderate,2
1044,5.3,1.3,6.3,3.0,8.1,2.94,low,1
1045,8.9,3.4,9.2,0.9,1.6,3.11,high,0
1046,5.3,2.8,5.0,2.5,8.4,3.02,high,0
1047,6.6,2.8,8.8,1.8,4.0,2.87,moderate,2
1048,7.2,2.9,8.5,5.3,0.1,3.26,moderate,2
1049,6.1,2.6,8.0,5.5,1.8,3.01,moderate,2
1050,7.8,1.1,7.4,2.0,5.7,3.04,moderate,2
1051,7.9,3.6,7.8,3.0,1.7,3.05,moderate,2
1052,6.2,2.0,6.6,1.1,8.1,2.94,moderate,2
1053,7.5,1.3,6.3,2.8,6.1,3.21,moderate,2
1054,5.5,3.1,9.0,4.6,1.8,2.97,low,1
1055,5.6,2.6,9.2,3.5,3.1,2.72,low,1
1056,7.6,0.1,8.2,0.5,7.6,3.56,moderate,2
1057,7.2,1.2,7.7,0.8,7.1,3.28,moderate,2
1058,5.8,0.4,5.7,5.3,6.8,3.0,high,0
1060,8.1,0.3,5.6,0.3,9.7,3.25,high,0
1062,9.2,2.8,5.6,4.4,2.0,3.5,high,0
1063,6.4,2.6,6.7,6.0,2.3,2.78,moderate,2
1064,9.7,0.1,8.5,4.1,1.6,3.26,high,0
1065,9.2,3.9,9.9,0.1,0.9,3.48,high,0
1066,8.2,0.5,8.3,5.9,1.1,3.44,high,0
1067,9.6,1.8,5.2,2.2,5.2,3.55,high,0
1068,7.3,0.2,7.1,2.8,6.6,3.27,moderate,2
1069,9.6,2.6,6.6,2.7,2.5,3.37,high,0
1070,6.8,2.7,8.3,4.3,1.9,2.58,high,0
1071,6.3,1.3,5.6,3.9,6.9,2.97,high,0
1072,9.3,3.6,7.2,1.8,2.1,3.3,high,0
1073,5.4,2.7,9.1,1.5,5.3,3.04,low,1
1074,9.4,1.0,7.8,1.1,4.7,3.36,high,0
1075,5.5,3.6,9.1,4.4,1.4,2.44,low,1
1076,7.7,0.4,8.8,3.5,3.6,3.0,moderate,2
1077,5.9,0.8,5.9,0.3,11.1,3.11,high,0
1078,5.1,0.2,7.9,4.9,5.9,2.82,low,1
1079,6.6,1.4,8.0,1.6,6.4,3.23,moderate,2
1080,8.7,2.7,6.0,2.1,4.5,3.67,high,0
1081,5.6,0.5,8.4,5.2,4.3,2.86,low,1
1082,5.9,0.4,9.1,3.5,5.1,2.96,low,1
1083,8.1,3.1,8.5,3.6,0.7,3.12,high,0
1084,8.2,1.3,9.8,0.2,4.5,3.38,high,0
1085,7.9,0.7,8.6,1.1,5.7,3.18,moderate,2
1086,9.6,0.8,5.7,4.6,3.3,3.12,high,0
1087,7.5,3.6,5.7,3.9,3.3,3.01,high,0
1088,8.4,2.4,8.8,1.4,3.0,3.17,high,0
1089,7.2,1.6,9.9,1.5,3.8,2.89,moderate,2
1090,7.8,1.0,9.6,1.5,4.1,2.9,moderate,2
1091,9.5,0.4,8.3,5.3,0.5,3.56,high,0
1092,8.4,1.2,5.9,1.8,6.7,3.25,high,0
1093,5.5,0.6,5.5,2.5,9.9,2.74,high,0
1094,5.7,2.6,6.0,0.6,9.1,2.92,low,1
1095,5.8,3.7,9.1,1.9,3.5,2.97,low,1
1096,8.4,2.7,8.1,1.3,3.5,3.68,high,0
1097,5.2,1.8,9.5,3.4,4.1,2.88,low,1
1098,8.4,3.9,9.9,1.2,0.6,3.08,high,0
1099,6.2,3.2,5.5,4.7,4.4,2.89,high,0
1100,8.2,1.7,7.2,1.9,5.0,3.38,high,0
1101,8.8,3.7,9.7,0.3,1.5,3.39,high,0
1102,6.3,0.3,6.3,5.5,5.6,3.06,moderate,2
1103,8.2,2.9,6.3,4.3,2.3,3.21,high,0
1105,8.3,1.6,8.0,0.6,5.5,3.4,high,0
1106,10.0,0.8,6.3,4.0,2.9,3.39,high,0
1107,9.8,3.7,7.5,2.4,0.6,3.35,high,0
1108,6.4,3.3,6.9,0.5,6.9,2.9,moderate,2
1109,6.7,3.9,8.1,2.2,3.1,2.89,moderate,2
1110,5.4,0.2,5.6,3.5,9.3,2.98,high,0
1111,9.6,2.0,9.2,1.4,1.8,3.64,high,0
1112,5.9,1.4,8.2,0.4,8.1,3.07,low,1
1113,6.8,2.1,10.0,2.4,2.7,2.96,moderate,2
1114,9.0,2.4,9.4,1.3,1.9,3.61,high,0
1115,8.0,2.5,7.1,0.9,5.5,3.13,moderate,2
1116,6.1,2.9,6.6,3.0,5.4,3.01,moderate,2
1117,5.8,3.8,9.3,4.4,0.7,3.16,low,1
1118,5.7,0.0,5.1,3.5,9.7,2.75,high,0
1119,7.3,2.1,5.0,2.5,7.1,3.0,high,0
1120,8.7,0.9,9.1,3.1,2.2,3.65,high,0
1121,6.1,0.9,8.1,5.0,3.9,2.61,moderate,2
1122,9.3,2.7,7.2,2.3,2.5,3.29,high,0
1123,6.0,2.5,6.8,6.0,2.7,2.5,moderate,2
1124,7.8,3.7,9.0,1.6,1.9,2.6,moderate,2
1125,8.6,2.3,7.5,1.1,4.5,2.97,high,0
1126,9.6,1.3,9.8,1.8,1.5,3.39,high,0
1127,8.2,2.2,5.6,2.3,5.7,3.28,high,0
1129,7.0,3.7,8.6,2.0,2.7,2.88,moderate,2
1130,9.9,2.7,6.4,2.9,2.1,3.49,high,0
1131,5.5,3.9,5.9,3.9,4.8,2.99,high,0
1134,8.4,0.8,6.2,1.7,6.9,3.12,high,0
1135,7.1,0.9,5.1,5.3,5.6,3.05,high,0
1136,6.7,0.0,8.4,5.0,3.9,3.05,moderate,2
1137,5.7,0.6,9.0,3.7,5.0,2.88,low,1
1138,6.5,1.5,8.8,4.9,2.3,2.88,moderate,2
1140,9.5,0.3,9.7,3.7,0.8,3.42,high,0
1141,9.0,0.8,9.0,4.4,0.8,3.37,high,0
1142,5.2,0.6,7.7,3.5,7.0,2.77,low,1
1143,8.2,0.1,9.8,0.3,5.6,3.37,high,0
1144,8.3,3.3,5.1,3.3,4.0,3.27,high,0
1145,7.3,2.0,5.4,4.1,5.2,3.41,high,0
1146,7.4,0.6,8.2,1.0,6.8,3.11,moderate,2
1148,8.1,1.0,9.0,4.8,1.1,3.22,high,0
1149,9.9,2.0,7.3,3.6,1.2,3.51,high,0
1151,9.3,0.4,5.5,1.6,7.2,3.29,high,0
1152,8.1,1.4,8.9,1.3,4.3,3.27,high,0
1153,8.2,0.9,8.6,5.2,1.1,3.03,high,0
1154,7.1,0.6,8.5,4.6,3.2,3.11,moderate,2
1155,5.5,2.0,9.1,5.6,1.8,2.95,low,1
1156,7.7,1.6,9.2,2.7,2.8,3.16,moderate,2
1157,7.4,2.0,9.2,4.5,0.9,2.77,moderate,2
1158,7.5,2.3,6.2,4.8,3.2,2.93,moderate,2
1159,7.4,1.3,5.5,1.4,8.4,3.09,high,0
1160,5.8,1.8,6.5,0.2,9.7,2.92,low,1
1161,6.6,2.2,7.8,2.1,5.3,3.09,moderate,2
1162,6.9,1.0,6.2,2.7,7.2,3.02,moderate,2
1163,8.8,0.8,8.5,0.1,5.8,3.61,high,0
1164,6.7,2.3,6.0,4.5,4.5,2.92,moderate,2
1165,5.3,3.4,6.0,5.2,4.1,3.06,low,1
1166,6.6,3.6,5.6,1.1,7.1,2.82,high,0
1167,7.5,0.3,6.0,5.7,4.5,3.11,moderate,2
1168,9.6,2.2,6.3,4.1,1.8,3.49,high,0
1169,8.3,4.0,6.3,3.6,1.8,3.36,high,0
1170,7.5,1.2,5.8,1.7,7.8,3.25,high,0
1171,6.9,3.0,7.7,0.5,5.9,3.17,moderate,2
1172,8.2,3.2,7.3,1.9,3.4,3.2,high,0
1173,5.5,3.5,8.9,1.0,5.1,2.3,low,1
1174,8.1,3.8,7.9,2.3,1.9,3.72,high,0
1175,5.3,0.3,5.9,0.2,12.3,2.97,high,0
1176,5.7,3.3,5.8,1.8,7.4,3.04,high,0
1177,6.2,1.5,6.3,2.9,7.1,2.97,moderate,2
1178,5.3,0.6,5.3,3.8,9.0,2.79,high,0
1180,6.0,1.3,8.0,1.3,7.4,2.95,moderate,2
1181,5.6,3.9,5.1,4.8,4.6,2.7,high,0
1182,5.7,0.6,8.5,3.9,5.3,3.05,low,1
1183,8.9,3.7,8.5,0.5,2.4,3.46,high,0
1184,6.0,0.3,8.5,2.4,6.8,2.81,moderate,2
1185,9.6,2.6,5.5,5.7,0.6,3.28,high,0
1187,7.0,1.4,8.9,4.8,1.9,2.97,moderate,2
1188,6.9,0.6,9.0,4.2,3.3,2.83,moderate,2
1189,6.0,1.5,5.5,3.8,7.2,2.8,high,0
1190,7.9,3.6,7.8,0.8,3.9,3.45,low,1
1192,8.8,2.4,5.8,4.8,2.2,3.38,high,0
1193,8.6,0.3,7.3,1.0,6.8,3.51,high,0
1194,8.1,2.7,9.2,0.9,3.1,2.78,high,0
1195,5.6,3.4,5.8,5.8,3.4,2.84,high,0
1196,9.9,0.4,6.5,3.8,3.4,3.73,high,0
1197,6.8,3.7,5.3,3.3,4.9,3.37,high,0
1198,6.3,1.5,9.2,1.2,5.8,3.15,moderate,2
1199,9.1,2.3,8.8,2.7,1.1,3.43,high,0
1200,9.3,1.7,9.8,1.4,1.8,3.12,high,0
1201,5.7,1.6,9.8,1.9,5.0,2.72,low,1
1202,8.6,1.2,8.9,2.3,3.0,3.24,high,0
1203,7.4,3.1,6.9,2.7,3.9,2.82,moderate,2
1204,7.6,3.2,6.8,3.1,3.3,2.87,moderate,2
1205,8.4,1.1,6.4,5.6,2.5,3.37,high,0
1206,8.2,0.1,8.1,3.1,4.5,3.56,high,0
1207,7.7,1.4,5.4,1.2,8.3,3.13,high,0
1208,7.3,0.2,5.2,4.3,7.0,3.21,high,0
1209,7.7,2.0,6.2,4.5,3.6,3.07,moderate,2
1210,7.3,1.1,6.2,3.9,5.5,3.0,moderate,2
1211,8.3,3.3,7.1,0.4,4.9,3.56,high,0
1212,5.0,2.1,5.2,3.4,8.3,2.9,high,0
1213,9.6,3.9,7.7,1.3,1.5,3.47,high,0
1214,5.3,1.9,6.2,2.8,7.8,2.87,low,1
1215,7.3,2.3,6.8,1.0,6.6,3.35,moderate,2
1216,8.3,1.4,9.7,4.2,0.4,3.25,high,0
1217,6.0,0.2,8.7,5.0,4.1,3.04,moderate,2
1218,5.1,1.0,7.3,3.8,6.8,3.24,low,1
1219,7.8,3.0,6.4,3.4,3.4,3.14,moderate,2
1220,8.8,2.8,10.0,0.7,1.7,3.16,high,0
1221,7.5,1.3,7.2,5.1,2.9,3.27,moderate,2
1222,6.0,3.5,5.3,5.3,3.9,2.97,high,0
1223,6.6,1.3,7.6,5.6,2.9,2.96,moderate,2
1224,9.3,1.6,6.0,2.5,4.6,3.31,high,0
1225,6.9,3.7,8.8,2.3,2.3,3.03,moderate,2
1226,5.3,1.0,7.2,0.9,9.6,2.85,low,1
1227,9.7,3.1,6.3,2.9,2.0,3.5,high,0
1228,9.4,2.1,8.9,2.0,1.6,3.43,high,0
1229,7.8,0.5,5.6,3.2,6.9,3.36,high,0
1230,9.8,1.9,5.3,3.3,3.7,3.93,high,0
1231,9.2,4.0,7.2,1.2,2.4,3.1,high,0
1233,9.7,1.1,9.1,0.2,3.9,3.3,low,1
1234,9.7,3.1,8.3,2.4,0.5,3.47,high,0
1235,8.2,3.9,8.6,3.1,0.2,3.02,high,0
1236,7.6,0.5,8.0,2.9,5.0,3.15,moderate,2
1237,8.1,0.0,6.0,2.9,7.0,3.19,high,0
1238,7.1,2.9,8.0,1.8,4.2,3.17,moderate,2
1239,7.1,0.9,9.8,0.8,5.4,3.01,moderate,2
1240,6.1,3.1,6.0,0.5,8.3,2.9,moderate,2
1241,7.4,0.0,5.4,4.8,6.4,3.14,high,0
1242,9.3,2.7,5.3,4.7,2.0,3.41,high,0
1243,9.2,3.2,7.5,1.0,3.1,3.48,high,0
1244,9.9,0.6,6.1,1.3,6.1,3.63,high,0
1245,9.0,0.7,5.3,6.0,3.0,3.56,high,0
1246,7.8,3.6,9.6,0.0,3.0,3.09,moderate,2
1247,5.4,1.0,8.3,5.3,4.0,3.27,low,1
1248,5.9,3.2,9.8,1.4,3.7,2.71,low,1
1249,7.5,0.3,7.8,3.0,5.4,3.09,moderate,2
1250,6.7,2.1,7.9,0.1,7.2,2.78,moderate,2
1251,8.8,2.9,6.8,0.3,5.2,3.17,high,0
1252,5.9,2.3,5.8,2.1,7.9,2.66,low,1
1253,8.5,2.2,6.9,2.5,3.9,3.25,high,0
1254,5.4,3.5,5.4,4.2,5.5,2.81,high,0
1255,9.6,1.1,6.9,3.4,3.0,3.37,high,0
1256,8.3,1.6,7.4,0.3,6.4,3.29,high,0
1257,6.0,3.2,7.3,1.8,5.7,3.11,moderate,2
1258,8.7,1.1,5.6,1.5,7.1,3.24,high,0
1259,9.6,2.3,7.7,2.6,1.8,3.67,high,0
1261,9.7,1.2,9.3,2.9,0.9,3.51,high,0
1262,6.0,1.5,7.5,4.4,4.6,2.8,moderate,2
1263,5.6,1.6,7.4,3.2,6.2,2.75,low,1
1264,9.0,2.8,7.8,3.1,1.3,3.43,high,0
1265,7.1,0.6,8.3,3.1,4.9,2.79,moderate,2
1266,9.5,2.3,5.4,2.7,4.1,3.67,high,0
1267,8.8,3.2,7.5,4.0,0.5,3.2,high,0
1268,9.5,3.6,8.4,2.1,0.4,3.11,high,0
1269,5.4,3.5,6.6,1.1,7.4,2.72,low,1
1271,7.9,1.8,6.7,4.5,3.1,3.24,moderate,2
1272,6.7,3.0,5.8,0.8,7.7,3.09,high,0
1273,6.7,3.2,6.2,0.4,7.5,2.74,moderate,2
1274,7.8,2.1,8.3,1.4,4.4,3.31,moderate,2
1275,9.3,1.2,8.5,0.1,4.9,3.1,high,0
1276,7.7,0.3,9.0,1.3,5.7,2.9,moderate,2
1277,8.4,3.2,7.8,3.4,1.2,3.02,high,0
1278,9.0,1.2,7.9,4.4,1.5,3.62,high,0
1279,6.9,1.2,7.3,4.9,3.7,3.05,moderate,2
1280,8.3,3.6,5.5,1.4,5.2,3.4,high,0
1281,8.5,3.3,9.3,1.2,1.7,3.25,high,0
1282,6.2,1.2,8.9,0.5,7.2,2.76,moderate,2
1283,9.1,1.7,8.0,0.5,4.7,3.23,high,0
1284,9.8,3.2,7.3,0.8,2.9,3.42,high,0
1285,9.7,1.4,5.8,3.4,3.7,3.67,high,0
1286,7.4,4.0,8.4,0.3,3.9,3.15,moderate,2
1287,10.0,1.6,6.4,3.3,2.7,3.39,high,0
1288,5.0,1.8,9.2,3.4,4.6,2.7,low,1
1289,10.0,1.1,6.4,1.0,5.5,3.4,high,0
1290,9.0,3.6,9.9,0.3,1.2,3.19,high,0
1291,9.4,1.3,5.6,5.2,2.5,3.2,high,0
1292,7.1,1.1,8.7,2.7,4.4,3.15,moderate,2
1293,9.9,0.2,6.8,2.9,4.2,3.09,high,0
1294,8.6,3.5,9.7,1.8,0.4,3.3,high,0
1295,9.3,2.2,9.1,1.0,2.4,3.07,high,0
1296,7.3,1.1,9.8,1.8,4.0,2.91,moderate,2
1297,5.5,2.1,5.3,0.7,10.4,2.79,high,0
1298,7.2,3.2,8.7,2.1,2.8,2.78,moderate,2
1299,6.7,1.3,8.9,0.3,6.8,2.79,moderate,2
1300,6.2,3.7,9.3,3.4,1.4,2.92,moderate,2
1301,7.4,2.1,9.9,4.4,0.2,3.23,moderate,2
1302,6.0,0.9,8.4,2.4,6.3,2.79,moderate,2
1303,9.7,0.4,7.6,5.5,0.8,3.73,high,0
1304,5.8,3.9,9.6,0.8,3.9,2.57,low,1
1305,5.6,0.3,9.5,1.2,7.4,2.57,low,1
1306,8.0,0.3,6.1,5.6,4.0,2.76,moderate,2
1308,9.5,2.5,5.4,5.5,1.1,3.59,high,0
1309,9.8,0.3,7.7,1.8,4.4,3.23,high,0
1310,7.9,3.8,7.5,0.4,4.4,3.11,moderate,2
1311,8.1,1.4,9.3,2.3,2.9,3.11,high,0
1312,8.8,1.1,8.8,1.1,4.2,3.22,high,0
1313,6.6,1.9,9.7,5.4,0.4,2.88,moderate,2
1314,5.7,2.0,7.3,5.4,3.6,2.62,low,1
1315,9.7,1.5,7.5,4.8,0.5,3.3,high,0
1316,6.1,0.8,5.2,3.9,8.0,2.56,high,0
1318,7.1,3.9,6.0,1.3,5.7,3.3,moderate,2
1319,6.5,0.7,6.9,5.5,4.4,2.71,moderate,2
1320,9.7,0.2,6.1,3.4,4.6,3.81,high,0
1321,8.1,0.2,7.0,3.9,4.8,3.41,high,0
1322,6.6,0.4,7.1,0.8,9.1,3.27,moderate,2
1323,9.7,1.9,6.6,4.4,1.4,3.06,high,0
1324,9.1,3.5,8.4,0.1,2.9,3.36,high,0
1325,7.8,3.1,5.7,1.4,6.0,3.14,high,0
1326,7.2,0.0,9.1,2.2,5.5,3.41,moderate,2
1327,7.7,2.7,8.5,4.9,0.2,2.68,moderate,2
1329,9.2,1.4,8.3,2.4,2.7,3.47,high,0
1330,5.3,1.7,7.7,2.6,6.7,2.54,low,1
1331,8.7,3.3,8.9,0.1,3.0,3.34,high,0
1332,9.7,3.3,9.2,0.5,1.3,3.18,high,0
1333,7.1,1.9,5.8,0.2,9.0,3.02,high,0
1334,9.6,2.3,8.3,3.5,0.3,3.41,high,0
1335,6.7,2.5,5.2,1.1,8.5,3.11,high,0
1336,6.8,1.5,7.7,0.0,8.0,3.15,moderate,2
1337,6.2,0.8,6.3,4.8,5.9,2.76,moderate,2
1338,7.5,3.5,6.2,0.5,6.3,3.0,moderate,2
1339,6.8,3.0,7.8,4.9,1.5,2.99,moderate,2
1340,5.2,3.9,6.9,0.9,7.1,3.28,low,1
1341,8.3,1.1,7.9,3.5,3.2,3.49,high,0
1342,6.3,1.8,7.7,4.0,4.2,2.91,moderate,2
1343,8.9,1.6,8.2,0.8,4.5,3.3,high,0
1344,8.6,0.1,6.0,2.9,6.4,3.42,high,0
1345,9.4,2.1,9.6,1.4,1.5,3.2,high,0
1346,9.0,1.0,9.5,4.1,0.4,3.34,high,0
1347,9.7,2.1,8.4,3.0,0.8,3.51,high,0
1348,5.2,2.0,5.8,1.1,9.9,2.58,high,0
1349,6.8,1.7,8.1,0.4,7.0,2.75,moderate,2
1350,7.9,2.5,7.8,4.3,1.5,3.19,moderate,2
1351,6.7,3.1,7.2,2.9,4.1,3.24,moderate,2
1352,6.5,0.3,5.5,5.5,6.2,3.28,high,0
1353,8.4,0.5,6.8,3.6,4.7,3.34,high,0
1354,5.0,0.8,9.8,3.7,4.7,2.69,low,1
1355,6.3,0.3,5.1,1.5,10.8,2.9,high,0
1356,8.6,3.7,7.0,0.9,3.8,3.48,high,0
1357,7.6,3.6,9.0,0.3,3.5,3.27,moderate,2
1358,9.5,0.5,7.7,5.3,1.0,3.78,high,0
1359,7.1,1.9,5.4,1.7,7.9,3.14,high,0
1360,6.4,1.8,8.4,1.0,6.4,2.93,moderate,2
1361,7.4,3.0,9.3,2.7,1.6,2.95,moderate,2
1362,9.7,0.5,8.9,1.3,3.6,3.53,high,0
1363,9.7,2.9,8.8,0.6,2.0,3.87,high,0
1364,8.8,0.4,9.8,4.5,0.5,3.12,high,0
1365,6.4,3.3,7.6,2.8,3.9,3.11,moderate,2
1366,8.6,1.6,8.1,4.0,1.7,2.94,high,0
1367,8.6,0.2,9.3,2.7,3.2,3.11,high,0
1368,7.4,3.5,6.9,4.5,1.7,2.95,moderate,2
1369,5.5,1.9,10.0,4.6,2.0,2.83,low,1
1370,6.2,1.6,8.9,4.6,2.7,2.63,moderate,2
1371,6.1,3.7,8.0,2.3,3.9,3.41,moderate,2
1372,7.8,1.9,7.5,1.1,5.7,3.18,moderate,2
1373,9.1,2.2,5.7,4.6,2.4,3.17,high,0
1374,7.6,0.5,9.7,1.1,5.1,3.07,moderate,2
1375,6.3,1.6,6.9,4.8,4.4,2.69,moderate,2
1376,6.3,2.0,5.7,3.7,6.3,2.91,high,0
1377,7.8,2.9,9.7,3.3,0.3,3.09,moderate,2
1378,9.5,3.9,9.3,0.1,1.2,3.28,high,0
1379,9.7,1.7,5.0,2.7,4.9,3.47,high,0
1380,6.7,1.9,8.1,5.2,2.1,2.88,moderate,2
1381,8.3,1.7,9.1,4.4,0.5,3.26,high,0
1383,5.8,3.2,9.3,5.2,0.5,2.96,high,0
1384,6.6,2.2,5.3,0.3,9.6,2.94,high,0
1385,8.6,1.8,6.3,1.1,6.2,3.2,high,0
1386,7.4,1.4,6.6,5.8,2.8,2.87,moderate,2
1387,8.2,0.1,7.2,5.3,3.2,3.12,high,0
1388,8.8,2.4,7.9,0.3,4.6,3.26,high,0
1390,9.7,3.4,8.6,0.2,2.1,3.53,high,0
1392,6.8,2.6,5.6,2.6,6.4,2.77,high,0
1393,6.4,3.6,5.2,5.5,3.3,2.86,high,0
1394,8.9,0.1,9.8,2.7,2.5,3.51,high,0
1395,6.5,1.5,5.3,5.9,4.8,3.0,high,0
1396,7.2,3.8,6.2,3.2,3.6,3.02,moderate,2
1397,7.4,2.8,5.3,1.2,7.3,3.25,high,0
1398,5.9,2.3,6.1,5.2,4.5,2.72,low,1
1399,9.7,2.1,6.8,1.3,4.1,3.55,high,0
1400,9.7,1.6,8.5,2.1,2.1,3.87,high,0
1401,7.6,1.1,7.3,2.8,5.2,3.2,moderate,2
1402,6.6,0.2,7.5,3.3,6.4,3.02,moderate,2
1403,5.8,3.0,9.9,5.0,0.3,2.93,low,1
1404,8.5,1.8,7.7,5.1,0.9,3.23,high,0
1405,7.4,1.5,7.5,3.5,4.1,3.33,moderate,2
1406,5.5,2.4,5.6,0.5,10.0,3.11,high,0
1407,7.6,1.6,7.9,0.5,6.4,2.89,moderate,2
1408,9.9,2.2,8.4,1.1,2.4,3.43,high,0
1409,5.5,3.9,6.4,2.5,5.7,2.8,low,1
1410,9.1,2.1,6.4,0.4,6.0,3.37,high,0
1411,5.8,3.6,8.4,1.5,4.7,2.91,low,1
1412,7.9,1.6,6.8,1.3,6.4,3.1,moderate,2
1413,8.3,3.9,5.9,3.5,2.4,2.95,high,0
1415,6.5,0.7,5.4,4.3,7.1,3.1,high,0
1416,7.0,1.7,7.3,2.2,5.8,2.85,moderate,2
1417,5.5,1.2,8.3,4.0,5.0,2.76,low,1
1418,6.0,0.8,5.1,5.4,6.7,2.54,high,0
1419,6.1,0.9,6.4,0.8,9.8,2.79,moderate,2
1420,5.7,2.6,6.7,4.2,4.8,2.9,low,1
1421,7.8,1.0,8.3,0.7,6.2,2.69,moderate,2
1422,6.3,2.4,9.4,5.9,0.0,3.22,moderate,2
1423,8.0,1.6,6.1,1.5,6.8,2.75,moderate,2
1424,9.6,1.5,6.9,2.3,3.7,3.37,high,0
1425,9.2,2.6,8.1,1.4,2.7,3.39,high,0
1426,7.0,2.0,8.3,0.1,6.6,3.27,moderate,2
1427,9.4,1.8,6.7,0.8,5.3,3.37,high,0
1428,7.0,2.7,7.1,5.8,1.4,2.47,moderate,2
1429,8.0,3.2,5.5,2.4,4.9,3.36,high,0
1430,9.3,0.3,5.4,5.1,3.9,3.02,high,0
1431,6.1,2.7,7.7,5.0,2.5,3.04,moderate,2
1432,7.1,1.3,8.0,5.6,2.0,3.08,moderate,2
1433,9.2,4.0,5.1,0.6,5.1,3.62,high,0
1434,6.4,1.0,8.9,0.3,7.4,3.04,moderate,2
1435,6.8,2.0,7.8,4.4,3.0,3.27,moderate,2
1436,7.9,2.2,8.2,1.5,4.2,2.87,moderate,2
1437,5.4,0.5,6.1,3.0,9.0,2.91,low,1
1438,8.9,1.4,7.0,2.4,4.3,3.5,high,0
1439,6.0,0.2,8.0,5.9,3.9,2.76,moderate,2
1440,9.1,2.8,9.7,1.0,1.4,3.53,high,0
1441,8.3,1.9,8.2,2.5,3.1,3.25,high,0
1442,7.6,3.2,8.7,3.0,1.5,2.86,moderate,2
1443,5.6,2.9,7.5,5.4,2.6,2.98,low,1
1444,5.7,3.0,5.0,1.0,9.3,2.42,high,0
1445,7.9,2.9,9.6,2.5,1.1,2.99,moderate,2
1446,5.0,0.5,7.7,4.1,6.7,3.07,low,1
1447,7.1,2.9,7.6,0.4,6.0,3.15,moderate,2
1448,8.6,3.6,5.6,5.9,0.3,3.21,high,0
1449,6.0,0.0,10.0,1.7,6.3,2.7,moderate,2
1450,7.9,3.6,6.6,4.0,1.9,3.29,moderate,2
1451,5.9,2.5,6.7,1.3,7.6,2.7,low,1
1452,9.5,1.6,6.2,2.7,4.0,3.32,high,0
1453,6.6,3.0,9.9,2.0,2.5,3.03,moderate,2
1454,5.8,2.8,7.6,3.9,3.9,3.09,low,1
1455,9.4,1.8,9.5,2.5,0.8,3.91,high,0
1457,6.6,2.5,5.3,0.1,9.5,2.6,high,0
1458,7.2,1.1,5.8,4.1,5.8,2.96,high,0
1459,7.6,0.8,6.6,3.6,5.4,3.3,moderate,2
1460,8.6,2.7,7.4,3.4,1.9,3.45,high,0
1461,5.2,2.5,8.9,3.0,4.4,2.51,low,1
1462,8.2,2.8,9.4,1.2,2.4,3.06,low,1
1463,8.8,2.2,9.4,1.9,1.7,3.85,high,0
1464,8.7,3.9,5.4,0.3,5.7,3.42,high,0
1465,9.7,2.1,8.1,2.0,2.1,3.49,high,0
1466,8.7,1.2,6.5,5.0,2.6,3.25,high,0
1467,5.4,3.5,6.3,3.6,5.2,2.85,low,1
1468,7.1,2.8,6.7,1.7,5.7,3.16,moderate,2
1469,10.0,3.0,8.2,1.0,1.8,3.81,high,0
1470,7.7,3.4,5.2,2.2,5.5,3.22,high,0
1471,6.2,1.8,5.4,5.7,4.9,2.98,high,0
1472,7.8,3.7,5.0,4.5,3.0,3.16,high,0
1473,9.5,0.6,5.5,2.5,5.9,3.44,high,0
1474,7.6,0.6,5.0,4.9,5.9,3.29,high,0
1476,8.0,0.7,8.7,1.8,4.8,3.25,moderate,2
1477,7.3,2.4,5.9,4.4,4.0,3.3,high,0
1478,5.8,2.8,5.6,2.6,7.2,2.62,high,0
1479,6.2,3.0,6.3,5.3,3.2,2.91,moderate,2
1480,8.1,0.4,7.0,4.3,4.2,3.24,high,0
1481,8.3,2.5,6.4,2.3,4.5,3.31,high,0
1482,7.5,2.8,6.2,1.9,5.6,3.02,moderate,2
1483,6.7,0.1,6.7,4.8,5.7,3.01,moderate,2
1484,7.3,0.1,9.4,0.1,7.1,3.29,moderate,2
1485,9.7,2.0,6.7,5.2,0.4,3.47,high,0
1486,7.7,0.9,7.1,3.9,4.4,3.08,moderate,2
1487,8.6,0.0,9.7,0.9,4.8,3.14,high,0
1488,5.2,0.5,9.9,1.9,6.5,2.61,low,1
1489,5.6,0.4,8.6,5.1,4.3,2.81,low,1
1490,6.1,2.1,6.3,5.6,3.9,2.73,moderate,2
1491,9.5,2.3,6.8,2.1,3.3,3.74,high,0
1493,7.8,0.4,6.0,2.5,7.3,3.24,moderate,2
1494,5.8,1.8,8.0,4.2,4.2,2.82,low,1
1496,9.1,2.5,9.2,1.6,1.6,3.22,high,0
1497,5.6,0.1,6.5,4.2,7.6,2.71,low,1
1498,7.5,1.7,7.1,1.4,6.3,3.32,moderate,2
1499,5.7,0.8,5.3,1.2,11.0,2.74,high,0
1500,6.8,0.0,9.2,0.2,7.8,2.8,moderate,2
1501,9.7,3.6,7.7,1.6,1.4,3.22,high,0
1502,8.2,0.2,5.3,2.7,7.6,3.55,high,0
1503,7.7,3.6,5.5,4.9,2.3,3.06,high,0
1504,6.6,1.6,5.8,3.0,7.0,2.73,high,0
1505,9.0,1.8,7.5,4.8,0.9,3.33,high,0
1506,6.3,3.5,7.9,1.3,5.0,3.32,moderate,2
1507,6.3,3.2,5.2,6.0,3.3,3.0,high,0
1508,7.0,2.0,9.4,2.3,3.3,2.98,moderate,2
1509,7.7,0.2,5.0,1.5,9.6,3.0,high,0
1510,5.6,1.6,8.2,4.3,4.3,2.91,low,1
1511,5.9,0.3,9.7,1.6,6.5,2.76,low,1
1512,9.1,3.1,8.0,1.3,2.5,3.46,high,0
1513,6.3,0.5,7.5,3.5,6.2,2.87,moderate,2
1514,6.8,2.6,9.5,0.8,4.3,2.58,moderate,2
1516,9.8,0.3,8.0,0.3,5.6,3.53,high,0
1517,9.5,2.1,8.3,3.4,0.7,3.35,high,0
1518,5.6,1.9,8.0,0.2,8.3,2.99,low,1
1519,6.4,0.1,7.1,5.4,5.0,2.72,moderate,2
1520,9.6,3.0,8.7,1.9,0.8,3.45,high,0
1521,6.0,0.8,8.4,1.3,7.5,3.19,moderate,2
1522,8.9,1.8,9.0,3.6,0.7,3.27,high,0
1523,8.3,0.9,6.4,1.9,6.5,3.18,high,0
1524,6.0,1.8,9.5,0.6,6.1,2.78,moderate,2
1525,8.6,2.7,5.5,5.5,1.7,2.9,high,0
1526,8.8,1.0,8.5,0.2,5.5,3.52,high,0
1527,9.2,1.8,8.2,1.1,3.7,3.6,high,0
1528,7.4,2.5,7.3,5.4,1.4,3.25,moderate,2
1529,7.5,3.4,9.0,1.7,2.4,3.03,moderate,2
1530,9.1,0.9,7.6,4.8,1.6,3.08,high,0
1531,6.8,2.6,6.2,0.7,7.7,3.0,moderate,2
1532,6.4,3.4,6.7,5.8,1.7,2.98,moderate,2
1533,9.9,1.1,5.2,4.2,3.6,3.3,high,0
1534,8.5,0.1,9.4,0.8,5.2,3.25,high,0
1535,5.6,0.7,9.8,4.2,3.7,2.75,low,1
1536,6.7,0.9,7.4,3.3,5.7,3.26,moderate,2
1537,8.2,1.0,9.7,0.9,4.2,2.81,high,0
1538,7.2,2.3,7.2,2.5,4.8,3.03,moderate,2
1539,8.7,2.7,9.2,0.8,2.6,3.58,high,0
1540,6.8,1.9,6.6,0.9,7.8,3.38,moderate,2
1541,6.1,0.4,8.4,4.0,5.1,2.88,moderate,2
1542,7.9,3.9,7.7,4.1,0.4,3.4,moderate,2
1543,5.4,0.8,7.2,3.5,7.1,2.71,low,1
1544,9.0,2.4,6.0,3.0,3.6,3.32,high,0
1545,8.7,3.1,7.5,1.4,3.3,2.99,high,0
1546,8.7,1.0,5.9,3.2,5.2,3.17,high,0
1547,6.4,2.5,5.6,3.9,5.6,2.89,high,0
1549,8.4,0.3,7.0,5.8,2.5,2.9,high,0
1550,5.6,2.8,8.2,2.2,5.2,2.91,low,1
1551,9.8,0.1,6.5,5.5,2.1,3.24,high,0
1552,7.7,3.3,5.5,5.7,1.8,2.99,high,0
1553,9.0,0.7,8.6,2.2,3.5,3.62,high,0
1554,9.8,0.5,7.1,2.9,3.7,3.38,high,0
1555,6.9,1.5,5.3,4.1,6.2,2.77,high,0
1556,9.1,3.2,7.4,1.3,3.0,3.31,high,0
1557,8.2,1.2,6.2,4.4,4.0,3.08,high,0
1559,9.4,1.6,6.7,1.2,5.1,3.11,high,0
1560,8.4,1.2,7.9,0.4,6.1,3.06,high,0
1561,6.0,1.6,9.7,2.3,4.4,2.66,moderate,2
1562,5.6,0.2,6.5,0.9,10.8,3.0,low,1
1564,7.8,1.3,6.5,4.4,4.0,2.69,moderate,2
1565,9.4,0.8,5.5,5.4,2.9,3.55,high,0
1566,6.8,0.5,7.9,3.2,5.6,2.61,moderate,2
1567,6.0,1.8,9.0,3.5,3.7,2.92,moderate,2
1568,8.5,3.2,8.1,0.6,3.6,3.09,high,0
1570,6.1,2.4,9.6,4.7,1.2,2.67,moderate,2
1571,9.6,3.9,5.1,3.4,2.0,3.65,high,0
1572,6.3,3.9,8.1,4.5,1.2,2.89,moderate,2
1573,5.4,0.7,8.8,0.1,9.0,2.57,low,1
1575,5.3,2.4,7.6,4.5,4.2,2.25,low,1
1576,7.0,0.1,6.7,5.9,4.3,3.12,moderate,2
1577,9.4,1.3,7.9,4.6,0.8,3.34,high,0
1578,5.4,2.0,9.8,4.2,2.6,2.8,low,1
1579,5.4,0.8,8.9,5.0,3.9,3.12,low,1
1580,5.1,3.3,8.9,1.6,5.1,3.02,low,1
1581,8.5,0.9,5.2,1.2,8.2,3.17,high,0
1582,7.1,2.0,7.4,1.6,5.9,2.86,moderate,2
1583,5.1,2.4,7.0,1.8,7.7,2.84,low,1
1584,9.3,2.0,5.7,4.2,2.8,3.51,high,0
1585,6.0,1.8,5.3,5.0,5.9,2.88,high,0
1586,8.7,2.5,9.0,1.6,2.2,3.53,high,0
1587,8.9,1.8,9.7,1.8,1.8,3.63,high,0
1588,9.1,2.2,5.9,2.8,4.0,3.33,high,0
1589,9.8,3.0,9.1,0.1,2.0,3.9,high,0
1590,9.2,0.2,9.3,2.9,2.4,3.29,high,0
1591,6.0,1.3,6.4,3.2,7.1,2.84,moderate,2
1592,6.2,1.8,7.6,4.6,3.8,2.98,moderate,2
1593,7.2,3.2,8.1,0.6,4.9,3.04,moderate,2
1594,7.0,3.0,7.9,2.3,3.8,2.81,moderate,2
1595,5.9,0.9,7.9,2.5,6.8,2.63,low,1
1596,8.3,3.4,6.3,2.9,3.1,3.26,high,0
1597,9.9,1.3,8.0,0.4,4.4,3.33,high,0
1598,9.8,2.9,8.9,1.7,0.7,3.51,high,0
1599,7.9,1.8,9.3,4.8,0.2,3.34,moderate,2
1600,7.9,2.2,7.3,1.3,5.3,3.18,moderate,2
1601,5.0,1.0,7.5,2.3,8.2,2.82,low,1
1602,6.8,1.8,5.7,0.3,9.4,3.01,high,0
1603,8.9,2.3,8.8,0.6,3.4,3.02,high,0
1604,6.1,0.0,5.7,1.9,10.3,3.01,high,0
1605,5.6,3.9,6.5,0.8,7.2,2.92,low,1
1607,7.3,0.1,8.2,2.5,5.9,2.92,moderate,2
1608,8.3,1.7,5.9,4.1,4.0,3.11,high,0
1609,7.8,3.4,5.6,4.7,2.5,3.02,high,0
1610,8.5,1.8,9.7,0.6,3.4,3.34,high,0
1612,10.0,1.0,7.2,3.0,2.8,3.37,high,0
1613,6.5,0.1,6.1,1.7,9.6,2.72,moderate,2
1614,9.4,2.8,5.4,3.9,2.5,3.37,high,0
1615,8.3,3.8,5.0,1.5,5.4,3.43,high,0
1616,5.5,2.1,6.2,1.1,9.1,2.98,low,1
1617,9.1,0.5,7.3,5.6,1.5,3.37,high,0
1618,5.9,1.3,7.1,1.9,7.8,2.91,low,1
1619,6.4,3.9,5.8,4.4,3.5,2.91,high,0
1620,5.9,2.6,8.6,4.1,2.8,2.98,low,1
1621,6.6,1.0,9.8,5.5,1.1,3.23,moderate,2
1622,7.3,1.7,5.8,2.6,6.6,3.07,high,0
1623,7.7,0.1,7.2,4.7,4.3,3.37,moderate,2
1624,9.5,0.1,7.8,4.7,1.9,3.71,high,0
1625,7.7,1.3,5.7,5.3,4.0,3.36,high,0
1627,7.0,2.1,9.0,2.2,3.7,2.89,moderate,2
1628,9.6,0.4,8.2,2.4,3.4,3.4,high,0
1629,7.0,2.7,5.3,3.6,5.4,3.17,high,0
1630,5.9,3.6,8.3,5.3,0.9,2.99,low,1
1631,7.4,2.2,9.6,4.3,0.5,2.77,moderate,2
1632,7.0,1.6,6.4,1.6,7.4,2.97,moderate,2
1633,9.3,0.3,8.4,1.0,5.0,3.29,high,0
1634,6.3,3.1,9.4,1.2,4.0,2.91,moderate,2
1635,7.3,1.9,9.4,4.1,1.3,3.51,moderate,2
1636,9.2,0.0,7.0,5.4,2.4,3.41,high,0
1637,8.7,2.2,7.6,1.9,3.6,3.73,high,0
1638,7.1,2.9,9.3,0.7,4.0,3.12,moderate,2
1639,7.3,1.6,8.4,1.5,5.2,3.27,moderate,2
1640,7.1,3.6,10.0,0.4,2.9,3.13,moderate,2
1641,6.2,3.8,9.8,0.4,3.8,3.17,moderate,2
1642,5.1,2.4,6.4,5.2,4.9,2.77,low,1
1643,6.4,2.7,8.4,1.3,5.2,2.94,moderate,2
1644,6.4,3.2,9.0,2.5,2.9,2.87,moderate,2
1645,8.0,2.4,9.1,1.9,2.6,3.01,moderate,2
1646,7.7,1.8,7.2,0.5,6.8,2.97,moderate,2
1647,8.6,0.9,6.0,2.5,6.0,3.38,high,0
1648,6.9,1.8,7.7,1.2,6.4,2.75,moderate,2
1649,5.8,3.5,7.2,2.5,5.0,2.87,low,1
1650,7.8,2.2,8.5,1.0,4.5,3.06,moderate,2
1651,6.3,3.2,9.7,0.7,4.1,2.65,moderate,2
1652,5.3,1.3,5.7,4.3,7.4,2.79,high,0
1653,7.7,0.6,5.0,4.8,5.9,3.23,high,0
1654,6.7,2.3,6.6,0.5,7.9,2.77,moderate,2
1655,6.1,0.8,7.1,3.9,6.1,3.4,moderate,2
1656,9.8,2.4,7.4,2.5,1.9,3.56,high,0
1659,9.0,1.2,8.3,2.3,3.2,3.74,high,0
1661,6.1,1.6,9.3,4.3,2.7,2.65,moderate,2
1662,6.8,1.1,5.9,4.5,5.7,2.93,high,0
1663,6.3,1.8,6.9,5.9,3.1,2.8,moderate,2
1664,5.4,2.4,8.0,2.5,5.7,2.77,low,1
1665,7.2,0.2,7.6,3.0,6.0,2.83,moderate,2
1666,6.3,0.7,9.8,5.1,2.1,3.03,moderate,2
1667,6.2,1.3,6.0,3.0,7.5,3.12,moderate,2
1668,5.8,3.2,9.0,0.8,5.2,2.88,low,1
1669,7.0,0.7,6.3,1.6,8.4,2.63,moderate,2
1670,9.7,0.5,9.9,0.9,3.0,3.72,high,0
1671,8.9,1.4,5.7,5.1,2.9,3.55,high,0
1672,7.8,1.9,7.5,4.4,2.4,2.91,moderate,2
1673,5.4,2.7,9.5,0.3,6.1,2.9,low,1
1674,7.2,1.6,5.7,3.0,6.5,2.94,high,0
1675,5.6,1.9,8.8,1.5,6.2,2.89,low,1
1677,5.2,0.5,6.0,2.4,9.9,2.69,low,1
1678,8.3,2.8,7.9,1.8,3.2,3.44,high,0
1679,7.9,1.4,5.4,6.0,3.3,3.11,high,0
1680,8.3,1.3,7.0,1.6,5.8,3.39,high,0
1681,6.7,1.6,8.6,3.1,4.0,3.54,moderate,2
1682,9.6,0.2,7.9,5.1,1.2,3.46,high,0
1683,6.2,3.5,5.1,4.4,4.8,2.97,high,0
1684,7.2,0.2,9.6,2.8,4.2,3.19,moderate,2
1685,5.1,2.8,7.4,0.7,8.0,3.15,low,1
1686,7.5,3.3,9.3,2.4,1.5,3.36,moderate,2
1687,5.1,2.8,7.1,3.4,5.6,2.5,low,1
1689,9.6,0.5,5.5,2.0,6.4,3.19,high,0
1690,7.9,1.8,5.2,1.9,7.2,3.07,high,0
1692,6.4,3.3,9.9,2.2,2.2,2.9,moderate,2
1693,5.0,0.6,6.6,3.5,8.3,2.89,low,1
1694,8.9,3.0,8.0,2.6,1.5,3.29,high,0
1695,8.2,2.5,7.8,5.4,0.1,3.4,high,0
1696,9.4,0.9,5.4,2.9,5.4,3.56,high,0
1698,8.1,3.3,5.8,3.6,3.2,3.22,high,0
1699,8.0,0.7,5.6,5.9,3.8,2.93,high,0
1700,5.9,2.7,8.0,3.9,3.5,2.78,low,1
1701,5.4,3.6,6.9,1.9,6.2,2.35,low,1
1702,9.3,3.7,6.5,3.9,0.6,3.24,high,0
1703,8.9,3.7,6.2,3.0,2.2,3.49,high,0
1704,5.0,2.3,6.7,1.9,8.1,2.64,low,1
1705,8.2,3.4,8.0,3.8,0.6,3.26,high,0
1706,7.3,0.0,7.8,4.0,4.9,2.75,moderate,2
1707,8.0,2.9,7.9,0.3,4.9,3.25,moderate,2
1708,6.4,0.3,7.1,3.3,6.9,2.77,moderate,2
1709,6.6,2.9,8.2,2.0,4.3,3.14,moderate,2
1710,8.2,2.2,5.1,4.2,4.3,3.48,high,0
1711,6.9,3.8,9.1,2.5,1.7,2.88,moderate,2
1712,6.7,1.9,6.5,3.1,5.8,2.87,moderate,2
1713,5.8,3.9,5.5,5.6,3.2,2.88,high,0
1714,8.6,1.7,8.2,1.9,3.6,3.46,high,0
1715,6.5,2.3,7.5,3.5,4.2,2.8,moderate,2
1716,5.4,0.2,6.3,0.4,11.7,2.53,low,1
1717,5.5,3.3,5.2,4.0,6.0,2.95,high,0
1718,7.4,1.2,7.6,2.3,5.5,3.03,moderate,2
1719,7.8,0.5,10.0,2.4,3.3,3.43,moderate,2
1720,6.8,3.3,7.3,4.3,2.3,2.83,moderate,2
1721,5.5,3.4,8.7,1.3,5.1,2.74,low,1
1722,9.9,1.0,7.3,0.2,5.6,3.32,high,0
1723,7.0,2.3,9.8,2.5,2.4,3.09,moderate,2
1724,5.2,1.3,7.9,5.7,3.9,3.04,low,1
1725,9.3,0.9,6.1,1.2,6.5,3.29,high,0
1727,5.2,0.5,9.4,4.5,4.4,2.9,low,1
1728,6.8,3.0,8.9,4.0,1.3,2.49,moderate,2
1729,8.6,0.8,6.7,2.8,5.1,3.52,high,0
1730,6.6,0.6,7.0,5.9,3.9,2.83,moderate,2
1732,7.6,3.5,6.4,0.5,6.0,3.12,moderate,2
1733,9.7,1.5,7.9,3.9,1.0,3.69,high,0
1734,5.7,1.2,5.7,4.9,6.5,2.66,high,0
1735,6.1,2.9,9.7,2.8,2.5,2.5,moderate,2
1736,6.6,1.9,8.0,5.9,1.6,3.41,moderate,2
1737,9.7,3.4,9.4,0.7,0.8,3.6,high,0
1738,7.0,3.8,7.1,3.6,2.5,3.11,moderate,2
1739,8.5,3.8,6.2,4.1,1.4,2.93,high,0
1740,8.9,2.2,8.3,1.5,3.1,3.37,high,0
1741,7.4,2.5,7.0,1.2,5.9,3.11,moderate,2
1742,8.7,1.6,6.8,2.4,4.5,3.42,high,0
1743,7.0,2.2,7.7,3.0,4.1,3.05,moderate,2
1744,5.8,0.5,9.7,3.6,4.4,2.65,low,1
1745,8.3,1.6,9.5,2.9,1.7,3.12,high,0
1746,9.8,3.3,9.3,0.3,1.3,3.73,high,0
1747,6.4,1.1,6.4,5.1,5.0,2.79,moderate,2
1748,6.2,3.2,7.8,0.0,6.8,2.8,moderate,2
1749,7.1,1.6,5.6,4.1,5.6,3.28,high,0
1750,8.6,0.0,9.8,4.6,1.0,3.48,high,0
1751,9.5,0.1,9.7,3.8,0.9,3.57,high,0
1752,9.7,1.8,8.0,2.1,2.4,3.82,high,0
1753,9.7,0.3,7.5,4.1,2.4,3.53,high,0
1756,7.7,1.1,9.5,5.3,0.4,2.99,moderate,2
1757,7.0,3.6,6.9,4.4,2.1,2.84,moderate,2
1758,9.6,1.8,8.7,1.4,2.5,3.43,high,0
1761,7.4,1.8,6.0,1.8,7.0,3.13,moderate,2
1762,6.2,1.2,8.9,2.0,5.7,2.85,moderate,2
1763,6.2,0.7,8.9,0.8,7.4,3.02,moderate,2
1764,8.4,2.5,9.1,0.2,3.8,2.65,high,0
1765,6.5,1.1,5.7,1.7,9.0,3.02,high,0
1766,8.3,1.5,8.6,1.9,3.7,2.86,high,0
1767,6.5,2.2,5.1,0.5,9.7,3.1,high,0
1768,8.6,0.4,9.2,4.2,1.6,3.27,high,0
1769,8.1,3.3,7.0,1.2,4.4,3.8,high,0
1770,7.7,2.3,9.7,3.9,0.4,3.3,moderate,2
1771,9.4,3.2,9.7,0.2,1.5,3.4,high,0
1772,9.2,2.0,8.7,0.6,3.5,3.03,high,0
1773,6.3,2.9,5.8,2.1,6.9,2.78,high,0
1774,8.5,1.5,7.8,0.6,5.6,3.02,high,0
1775,9.0,1.5,8.2,3.8,1.5,3.41,high,0
1776,8.1,1.7,5.9,5.7,2.6,3.17,high,0
1777,8.8,0.8,6.7,4.9,2.8,3.53,high,0
1778,7.2,2.9,6.9,1.3,5.7,3.23,moderate,2
1780,9.2,3.0,5.3,6.0,0.5,3.77,high,0
1781,8.8,3.5,8.3,2.9,0.5,3.26,high,0
1782,9.4,0.8,5.4,4.7,3.7,3.25,high,0
1783,9.2,0.7,9.3,3.3,1.5,3.64,high,0
1784,7.1,0.8,6.4,3.0,6.7,3.08,moderate,2
1785,7.7,3.2,9.0,2.4,1.7,3.03,moderate,2
1786,5.3,3.5,5.4,1.5,8.3,2.91,high,0
1787,8.5,1.6,9.4,1.3,3.2,2.9,high,0
1788,7.7,3.5,9.6,0.9,2.3,3.39,moderate,2
1789,7.3,2.2,9.7,4.8,0.0,3.25,moderate,2
1790,6.9,0.0,5.0,2.8,9.3,2.85,high,0
1791,7.4,0.1,8.4,1.8,6.3,2.75,moderate,2
1792,5.8,1.6,6.2,3.2,7.2,2.98,low,1
1794,7.3,0.3,8.0,1.6,6.8,3.15,moderate,2
1795,7.6,2.1,9.6,2.6,2.1,2.78,moderate,2
1796,9.7,3.1,6.4,4.1,0.7,3.76,high,0
1797,7.2,3.3,9.1,0.8,3.6,2.87,moderate,2
1798,6.5,1.2,8.6,1.4,6.3,3.18,moderate,2
1799,5.0,2.9,5.9,0.6,9.6,2.63,high,0
1800,7.4,0.2,9.9,4.3,2.2,2.84,moderate,2
1801,6.6,1.3,7.2,3.8,5.1,2.93,moderate,2
1802,9.3,1.0,6.9,5.2,1.6,3.32,high,0
1803,8.3,1.4,8.4,0.1,5.8,3.23,high,0
1804,9.1,3.8,9.6,1.4,0.1,3.71,high,0
1805,7.6,1.4,7.3,4.1,3.6,3.09,moderate,2
1807,6.4,0.4,5.6,1.7,9.9,3.21,high,0
1808,9.5,2.5,5.0,1.1,5.9,3.52,high,0
1809,5.5,1.5,7.5,0.3,9.2,2.61,low,1
1810,8.2,1.9,7.5,2.6,3.8,3.13,high,0
1811,9.8,0.9,7.6,4.2,1.5,3.62,high,0
1813,6.4,0.6,7.7,3.2,6.1,3.0,moderate,2
1814,8.1,0.8,7.3,4.3,3.5,3.12,high,0
1815,7.6,1.6,6.6,3.7,4.5,3.18,moderate,2
1816,5.4,1.8,9.5,0.6,6.7,2.9,low,1
1817,9.9,3.8,5.4,4.6,0.3,3.69,high,0
1818,7.1,1.8,8.2,4.6,2.3,2.98,moderate,2
1819,5.2,2.4,5.9,2.1,8.4,2.69,high,0
1820,6.7,0.4,5.7,0.2,11.0,2.58,high,0
1822,8.2,3.3,5.5,3.0,4.0,3.5,high,0
1823,8.5,2.3,9.2,0.3,3.7,3.34,high,0
1824,6.9,1.4,8.1,5.3,2.3,3.42,moderate,2
1825,7.5,3.3,7.0,0.6,5.6,2.82,moderate,2
1826,8.6,3.0,5.3,1.3,5.8,3.06,high,0
1827,6.4,2.2,5.7,0.8,8.9,2.89,high,0
1828,6.8,3.2,7.6,0.8,5.6,2.78,moderate,2
1829,8.7,1.6,6.3,2.3,5.1,2.87,high,0
1830,6.2,1.6,5.1,4.6,6.5,2.92,high,0
1831,5.9,0.2,8.3,4.6,5.0,2.88,low,1
1832,6.0,2.9,8.5,1.5,5.1,3.17,moderate,2
1833,9.5,0.4,9.9,3.6,0.6,3.5,high,0
1834,8.6,0.8,7.2,0.4,7.0,3.32,high,0
1835,6.9,3.0,6.9,2.0,5.2,3.23,moderate,2
1836,5.2,1.5,5.8,4.2,7.3,2.83,high,0
1837,5.5,2.7,6.4,1.2,8.2,2.75,low,1
1838,7.4,2.0,6.6,0.8,7.2,3.1,moderate,2
1839,6.9,2.7,8.9,2.9,2.6,2.77,moderate,2
1841,7.6,2.3,9.7,0.9,3.5,3.36,moderate,2
1842,7.8,1.0,6.3,0.2,8.7,3.27,moderate,2
1843,6.5,3.0,5.2,1.3,8.0,3.17,high,0
1844,7.3,2.8,6.9,1.0,6.0,3.24,moderate,2
1845,7.0,2.3,9.7,0.3,4.7,2.64,moderate,2
1846,7.5,0.1,6.6,4.9,4.9,3.14,moderate,2
1847,7.8,1.8,6.4,1.8,6.2,3.39,moderate,2
1848,9.8,1.8,7.0,4.6,0.8,3.39,high,0
1849,7.1,2.2,6.2,4.5,4.0,3.34,moderate,2
1850,8.9,0.9,8.6,4.5,1.1,3.36,high,0
1851,6.7,0.7,5.0,2.7,8.9,3.15,high,0
1852,5.9,3.4,6.3,1.4,7.0,2.48,low,1
1853,7.4,2.0,6.1,1.6,6.9,3.22,moderate,2
1854,8.9,1.8,8.6,3.5,1.2,3.17,high,0
1855,5.7,3.9,9.1,1.1,4.2,2.81,low,1
1856,5.7,3.0,7.3,4.7,3.3,2.82,low,1
1857,8.7,2.4,8.4,0.1,4.4,3.51,high,0
1858,5.0,0.1,9.3,4.1,5.5,2.47,low,1
1859,6.3,2.8,9.0,1.8,4.1,2.79,moderate,2
1860,7.5,3.1,6.1,1.6,5.7,3.07,moderate,2
1861,6.2,4.0,6.0,3.5,4.3,2.88,moderate,2
1862,8.2,3.0,9.9,0.5,2.4,3.3,high,0
1863,8.8,1.4,5.9,2.5,5.4,3.29,high,0
1865,6.8,1.6,8.5,5.6,1.5,3.33,moderate,2
1866,5.4,0.8,7.5,0.1,10.2,2.86,low,1
1867,6.3,2.1,5.1,1.6,8.9,3.49,high,0
1868,9.6,2.6,7.1,4.4,0.3,3.54,high,0
1869,8.9,0.8,5.7,4.1,4.5,3.62,high,0
1870,8.7,2.5,9.9,1.5,1.4,3.36,high,0
1871,5.6,3.3,6.3,4.7,4.1,2.85,low,1
1872,8.0,1.8,6.8,2.1,5.3,3.23,moderate,2
1873,8.2,3.0,8.4,0.9,3.5,3.52,high,0
1874,7.4,2.1,8.9,3.7,1.9,3.1,moderate,2
1875,7.0,3.6,5.8,6.0,1.6,2.99,high,0
1876,8.6,3.2,9.3,2.9,0.0,3.38,high,0
1877,6.5,2.8,5.6,2.4,6.7,2.9,high,0
1878,8.0,2.0,8.2,5.6,0.2,3.4,moderate,2
1879,5.3,2.3,9.3,2.9,4.2,2.82,low,1
1880,6.7,0.6,9.2,3.1,4.4,2.85,moderate,2
1881,9.7,3.2,8.5,0.0,2.6,3.19,high,0
1883,6.3,0.8,8.0,0.5,8.4,2.91,moderate,2
1885,6.8,3.7,5.3,4.0,4.2,3.04,high,0
1886,5.9,1.2,8.6,0.5,7.8,2.92,low,1
1887,9.1,2.9,8.6,0.3,3.1,3.56,high,0
1888,9.2,0.2,5.1,2.2,7.3,3.61,high,0
1889,5.7,2.2,9.6,2.3,4.2,2.98,low,1
1890,5.5,2.4,7.3,5.6,3.2,2.77,low,1
1891,5.6,0.8,5.1,2.6,9.9,2.97,high,0
1892,8.0,2.5,7.7,0.5,5.3,3.12,moderate,2
1893,7.2,4.0,9.2,3.2,0.4,2.95,moderate,2
1894,7.4,2.7,9.4,3.4,1.1,3.04,moderate,2
1895,9.7,0.2,5.1,4.0,5.0,3.25,high,0
1896,6.7,1.1,7.6,2.6,6.0,2.83,moderate,2
1897,7.6,2.7,6.9,1.5,5.3,3.05,moderate,2
1898,8.7,3.0,8.3,0.9,3.1,3.1,high,0
1899,7.9,2.3,7.4,3.3,3.1,3.75,moderate,2
1900,8.6,0.4,8.7,0.8,5.5,3.22,high,0
1901,5.3,3.9,9.8,0.3,4.7,2.53,low,1
1902,7.4,3.3,9.8,2.2,1.3,3.06,moderate,2
1903,6.8,2.4,6.6,5.5,2.7,3.05,moderate,2
1904,6.6,1.2,5.2,4.9,6.1,3.2,high,0
1905,7.3,1.3,7.4,4.9,3.1,2.83,moderate,2
1906,6.9,1.3,5.9,3.6,6.3,2.94,low,1
1907,7.4,3.5,5.2,3.9,4.0,3.26,high,0
1908,9.4,2.9,9.6,0.7,1.4,3.57,high,0
1909,7.5,0.1,5.0,1.4,10.0,3.07,high,0
1910,5.9,0.1,9.5,0.0,8.5,2.79,low,1
1912,5.0,3.9,9.4,5.1,0.6,2.98,low,1
1913,8.3,1.4,9.5,1.4,3.4,3.06,high,0
1914,9.6,0.6,6.1,3.3,4.4,3.47,high,0
1915,8.8,2.5,6.2,0.0,6.5,3.29,moderate,2
1916,9.5,1.6,7.6,2.5,2.8,3.7,high,0
1917,7.2,3.1,7.6,1.9,4.2,2.79,moderate,2
1918,5.7,2.6,8.4,4.5,2.8,2.94,low,1
1919,7.5,3.6,9.7,2.6,0.6,2.84,moderate,2
1920,9.9,1.1,6.0,2.7,4.3,3.68,high,0
1921,5.3,3.9,7.9,3.3,3.6,2.79,low,1
1922,5.2,2.4,8.6,2.5,5.3,3.21,low,1
1923,8.8,0.9,6.1,1.0,7.2,3.53,high,0
1924,9.1,1.5,7.9,4.0,1.5,3.29,high,0
1925,6.2,0.7,9.9,3.7,3.5,2.73,moderate,2
1927,6.3,0.1,8.5,3.0,6.1,2.99,moderate,2
1928,5.5,3.0,5.1,1.5,8.9,2.66,moderate,2
1929,9.5,2.9,5.4,4.9,1.3,3.67,high,0
1930,8.0,2.7,10.0,0.8,2.5,3.2,moderate,2
1931,8.1,1.8,5.2,0.1,8.8,3.28,high,0
1932,7.8,2.2,5.2,2.8,6.0,3.0,high,0
1933,9.6,1.6,8.1,3.7,1.0,3.46,high,0
1934,9.3,1.6,9.4,0.9,2.8,3.69,high,0
1935,6.4,0.2,9.0,2.5,5.9,2.81,moderate,2
1936,9.5,3.3,7.8,2.1,1.3,3.28,high,0
1937,7.4,1.6,9.6,0.7,4.7,2.75,moderate,2
1938,7.5,1.8,7.6,0.8,6.3,2.93,moderate,2
1939,7.6,1.0,5.9,0.4,9.1,3.06,high,0
1940,8.1,2.9,8.4,2.2,2.4,3.52,high,0
1941,6.9,1.5,8.2,3.0,4.4,2.99,moderate,2
1942,8.2,1.2,5.1,5.3,4.2,3.19,high,0
1943,6.1,3.7,8.6,4.3,1.3,2.79,moderate,2
1944,7.6,0.7,6.5,1.9,7.3,3.0,moderate,2
1945,5.8,0.8,8.9,1.0,7.5,2.89,low,1
1946,9.9,1.3,5.6,3.4,3.8,3.43,high,0
1947,9.5,3.1,8.1,1.0,2.3,3.25,high,0
1948,8.4,2.9,9.8,0.8,2.1,3.28,high,0
1949,5.1,2.2,8.5,4.7,3.5,2.64,low,1
1950,7.6,1.3,9.3,2.7,3.1,2.98,moderate,2
1951,9.0,2.3,8.9,1.3,2.5,3.24,high,0
1952,7.7,0.9,7.4,1.9,6.1,3.31,moderate,2
1953,6.3,3.9,5.8,4.7,3.3,2.73,high,0
1954,5.2,1.6,9.7,0.1,7.4,2.95,low,1
1955,7.9,2.0,9.4,0.4,4.3,3.42,moderate,2
1956,8.3,3.8,9.1,0.1,2.7,3.48,high,0
1957,7.4,1.6,6.6,2.7,5.7,2.88,moderate,2
1958,9.9,0.4,9.6,2.0,2.1,3.09,high,0
1959,8.1,3.3,6.8,2.5,3.3,2.86,high,0
1960,9.6,3.3,5.5,0.6,5.0,3.19,high,0
1961,7.1,0.4,8.1,0.9,7.5,3.02,moderate,2
1962,6.6,2.7,7.4,5.9,1.4,2.99,moderate,2
1963,9.4,1.4,5.2,5.1,2.9,3.59,high,0
1964,9.5,0.9,9.5,1.3,2.8,3.24,high,0
1965,9.9,1.1,9.8,0.2,3.0,3.54,high,0
1966,7.4,0.9,8.5,1.1,6.1,3.48,moderate,2
1967,7.8,1.0,9.8,0.2,5.2,3.04,moderate,2
1968,7.1,0.9,7.5,5.2,3.3,2.92,moderate,2
1969,8.6,2.3,5.4,4.2,3.5,3.38,high,0
1970,6.3,1.7,6.8,5.2,4.0,2.84,moderate,2
1971,5.6,2.3,5.7,4.2,6.2,2.81,high,0
1972,7.4,3.7,7.6,2.6,2.7,3.29,moderate,2
1973,7.9,2.8,5.5,4.9,2.9,3.03,high,0
1974,8.9,1.5,5.5,3.8,4.3,3.31,high,0
1975,9.4,3.6,9.8,1.0,0.2,3.32,high,0
1976,8.0,2.4,6.8,5.4,1.4,3.42,moderate,2
1977,7.5,1.9,10.0,2.3,2.3,3.14,moderate,2
1978,9.1,3.1,8.9,2.1,0.8,3.1,high,0
1979,6.3,3.4,9.5,0.9,3.9,2.97,moderate,2
1980,8.2,2.2,5.3,4.5,3.8,3.43,high,0
1981,7.5,2.6,7.5,3.0,3.4,3.02,moderate,2
1983,6.3,2.4,8.1,0.9,6.3,3.07,moderate,2
1984,6.2,1.2,9.7,5.0,1.9,3.06,moderate,2
1985,8.5,0.3,7.1,3.4,4.7,3.23,high,0
1986,8.0,1.3,8.9,4.9,0.9,2.93,moderate,2
1987,6.6,3.4,5.5,5.0,3.5,2.9,high,0
1988,9.5,1.5,6.4,3.0,3.6,3.86,high,0
1989,7.3,1.4,8.5,4.6,2.2,3.28,moderate,2
1990,7.0,2.7,7.4,6.0,0.9,2.85,moderate,2
1991,8.6,3.8,9.2,2.2,0.2,3.26,high,0
1992,6.3,1.5,5.1,3.1,8.0,3.21,high,0
1993,7.5,2.1,9.9,4.1,0.4,3.04,moderate,2
1994,7.1,1.4,9.0,3.1,3.4,2.85,moderate,2
1995,7.9,3.4,9.0,0.5,3.2,3.08,moderate,2
1996,6.5,0.2,7.4,2.1,7.8,3.32,moderate,2
1997,6.3,2.8,8.8,1.5,4.6,2.65,moderate,2
1998,6.2,0.0,6.2,0.8,10.8,3.14,moderate,2
1999,8.1,0.7,7.6,3.5,4.1,3.04,high,0
2000,9.0,1.7,7.3,3.1,2.9,3.58,high,0
